Molecule,LogP exp
CHEMBL596271,3.54
CHEMBL1951080,-1.18
CHEMBL1771,3.69
CHEMBL234951,3.37
CHEMBL565079,3.1
CHEMBL317462,3.14
CHEMBL1951182,-.72
CHEMBL2030960,.34
CHEMBL13097,3.05
CHEMBL1527751,2.25
CHEMBL1940306,1.51
CHEMBL578201,2.61
CHEMBL276218,-.08
CHEMBL2153181,1.95
CHEMBL1916276,1.34
CHEMBL93884,3.2
CHEMBL2171986,1.6
CHEMBL190044,3.77
CHEMBL469790,3.15
CHEMBL2165055,.32
CHEMBL322479,2.92
CHEMBL2036736,1.92
CHEMBL2179291,3.17
CHEMBL2158823,2.17
CHEMBL641,1.2
CHEMBL1289785,3.93
CHEMBL1381135,1.9
CHEMBL528217,2.27
CHEMBL2177621,1.2
CHEMBL475386,1.14
CHEMBL2325699,2.6
CHEMBL2010845,3.3
CHEMBL103,3.94
CHEMBL2208428,2.34
CHEMBL1796293,2.57
CHEMBL1557436,3.62
CHEMBL2031236,2.06
CHEMBL2087849,4.33
CHEMBL1235773,2.55
CHEMBL339051,2.78
CHEMBL168899,1.4
CHEMBL517,-.54
CHEMBL578288,2.91
CHEMBL1778648,-.4
CHEMBL1778635,-.16
CHEMBL1234354,2.2
CHEMBL1550278,3.4
CHEMBL1096,1.1
CHEMBL1807822,2.28
CHEMBL1310086,3.47
CHEMBL373364,3
CHEMBL484901,-1.17
CHEMBL1233652,1.95
CHEMBL2059196,-.99
CHEMBL1934414,2
CHEMBL1415894,3.8
CHEMBL2335875,3.21
CHEMBL1916269,.36
CHEMBL1224139,2.14
CHEMBL1082812,1.71
CHEMBL12980,1.19
CHEMBL1412343,2.7
CHEMBL453862,2.77
CHEMBL296572,3.8
CHEMBL239513,2.87
CHEMBL479445,1.91
CHEMBL2152917,3.4
CHEMBL299672,3.13
CHEMBL1682820,3
CHEMBL247367,2.33
CHEMBL2010834,2.8
CHEMBL1945293,-.54
CHEMBL1652588,3.16
CHEMBL190812,2.91
CHEMBL235392,1.55
CHEMBL62193,.2
CHEMBL1784338,1.43
CHEMBL1650698,2.47
CHEMBL2062583,2.48
CHEMBL4,-.45
CHEMBL2158534,2
CHEMBL492234,2.6
CHEMBL131921,3.5
CHEMBL21731,.89
CHEMBL346528,1.3
CHEMBL133501,2.01
CHEMBL2087854,3.59
CHEMBL1689126,.18
CHEMBL1650728,2.6
CHEMBL2178942,1.3
CHEMBL1800528,2.1
CHEMBL143305,3.72
CHEMBL2326481,1.72
CHEMBL15245,1.65
CHEMBL1852688,3.7
CHEMBL2171169,2.2
CHEMBL2216830,2.04
CHEMBL381098,4.49
CHEMBL284275,.2
CHEMBL2177167,2
CHEMBL2331746,1.49
CHEMBL1712280,4.28
CHEMBL1790041,-.95
CHEMBL1184060,1.64
CHEMBL1502799,2.02
CHEMBL2208436,3.09
CHEMBL480445,2.18
CHEMBL1392670,4.4
CHEMBL1455477,3.28
CHEMBL1939414,3.04
CHEMBL1617016,3.12
CHEMBL2207600,.06
CHEMBL244213,2.49
CHEMBL404957,1.11
CHEMBL520252,2.81
CHEMBL190747,3.52
CHEMBL1079175,2.5
CHEMBL1499868,4.48
CHEMBL1824042,1.33
CHEMBL2158827,1.83
CHEMBL520925,3.6
CHEMBL181502,3.2
CHEMBL1962631,-.56
CHEMBL470915,3.53
CHEMBL1163803,4.3
CHEMBL598194,2.88
CHEMBL42,3.08
CHEMBL2178954,1
CHEMBL373250,2.4
CHEMBL1169388,1.89
CHEMBL2171046,1.52
CHEMBL144960,3.33
CHEMBL271023,.79
CHEMBL90531,3.2
CHEMBL645,.1
CHEMBL2178950,.22
CHEMBL2178393,2
CHEMBL1809049,4
CHEMBL1373079,2.71
CHEMBL74380,.7
CHEMBL257600,3.67
CHEMBL1362558,.87
CHEMBL2059861,2.83
CHEMBL235191,.82
CHEMBL197536,1
CHEMBL1086580,3.07
CHEMBL1290331,3.07
CHEMBL203370,1.6
CHEMBL1945035,1.58
CHEMBL551360,2.62
CHEMBL1783284,3.37
CHEMBL1909734,2.68
CHEMBL1481866,1.7
CHEMBL1831079,2.21
CHEMBL437,-.37
CHEMBL272105,2.49
CHEMBL1940108,3.11
CHEMBL370252,.74
CHEMBL205245,1.61
CHEMBL2070946,1.2
CHEMBL443320,-1.34
CHEMBL1779497,1.26
CHEMBL1332736,1.3
CHEMBL2070948,1.9
CHEMBL1732699,3
CHEMBL1917433,.21
CHEMBL2141746,1.55
CHEMBL256576,2.82
CHEMBL87388,3.52
CHEMBL150606,3.2
CHEMBL8809,1.09
CHEMBL1233655,.55
CHEMBL384962,1.78
CHEMBL1542764,1.43
CHEMBL2181927,2.51
CHEMBL2334590,2.49
CHEMBL1480987,2.31
CHEMBL2335898,3.34
CHEMBL401193,4.13
CHEMBL1950851,3.12
CHEMBL2035030,2.2
CHEMBL111955,1.77
CHEMBL316388,1.5
CHEMBL248380,2.5
CHEMBL235581,1.49
CHEMBL1682940,3.17
CHEMBL1471868,3.19
CHEMBL1076211,1.65
CHEMBL1951022,2.8
CHEMBL1987793,3.89
CHEMBL1947155,2.28
CHEMBL1939418,2.75
CHEMBL398295,3.97
CHEMBL174107,-.84
CHEMBL2089280,1.6
CHEMBL139347,2.4
CHEMBL1623,3.39
CHEMBL2171034,1.79
CHEMBL1689115,1.01
CHEMBL1628691,3.62
CHEMBL1515447,2.36
CHEMBL559968,1.29
CHEMBL1180299,1.1
CHEMBL2335897,2.15
CHEMBL204476,1.98
CHEMBL2164680,3.5
CHEMBL109396,1.17
CHEMBL551765,2.53
CHEMBL14690,1.13
CHEMBL2089276,1.3
CHEMBL1917461,.35
CHEMBL366080,1.8
CHEMBL306262,3.2
CHEMBL1950724,.82
CHEMBL2059864,3.19
CHEMBL1165028,3.3
CHEMBL2158836,2.5
CHEMBL205807,2.35
CHEMBL576068,1.73
CHEMBL142715,3.3
CHEMBL409493,2.31
CHEMBL1945297,2.41
CHEMBL2321991,.61
CHEMBL2164670,3.57
CHEMBL182150,3.13
CHEMBL1788268,1.56
CHEMBL1180288,.7
CHEMBL2158792,2.08
CHEMBL490512,3.77
CHEMBL813,-.9
CHEMBL2158835,2.5
CHEMBL75880,3.02
CHEMBL1762545,3.9
CHEMBL1975242,1.94
CHEMBL1682948,3.72
CHEMBL2331753,2.27
CHEMBL74355,1.7
CHEMBL250540,2.43
CHEMBL1559730,3.2
CHEMBL2086650,3.27
CHEMBL237616,.75
CHEMBL1607641,.97
CHEMBL1201373,1.07
CHEMBL2179669,-.38
CHEMBL1479463,2
CHEMBL976,2.43
CHEMBL1213085,3.55
CHEMBL2152076,2.5
CHEMBL1467,-.42
CHEMBL1934423,.78
CHEMBL119385,2.74
CHEMBL1917421,3.56
CHEMBL207028,2.33
CHEMBL212777,1.59
CHEMBL1916532,1.46
CHEMBL2041980,2.4
CHEMBL1682825,2.5
CHEMBL1371,2.16
CHEMBL322122,-.15
CHEMBL2035018,3.3
CHEMBL1689110,.4
CHEMBL1770471,3.69
CHEMBL1738840,1.69
CHEMBL379787,3.3
CHEMBL447426,2.3
CHEMBL418822,3.05
CHEMBL97,2.16
CHEMBL1789941,2.55
CHEMBL294209,1.14
CHEMBL2147033,3.32
CHEMBL2062561,2.97
CHEMBL1359777,3.46
CHEMBL47361,3.99
CHEMBL168552,1.35
CHEMBL1778642,-.75
CHEMBL249789,3.99
CHEMBL59956,2.5
CHEMBL2142704,.56
CHEMBL1068,1.28
CHEMBL250961,4
CHEMBL1300982,2.8
CHEMBL1917436,.2
CHEMBL1682822,3
CHEMBL654,2.82
CHEMBL499028,.91
CHEMBL2171993,1.4
CHEMBL198114,1.84
CHEMBL1807823,.12
CHEMBL2057372,.96
CHEMBL1682957,3.81
CHEMBL1951076,2.07
CHEMBL575448,3.16
CHEMBL1886726,1.73
CHEMBL474432,.84
CHEMBL1807871,1.74
CHEMBL2078873,1.32
CHEMBL335744,2.7
CHEMBL585,1.16
CHEMBL74582,3.07
CHEMBL1783119,3.5
CHEMBL322271,1.92
CHEMBL660,-.98
CHEMBL2325726,1.7
CHEMBL358816,1.02
CHEMBL216981,2.32
CHEMBL2346972,2.8
CHEMBL2036739,3.72
CHEMBL44722,4.18
CHEMBL1939749,2.32
CHEMBL175296,2.43
CHEMBL1800526,2.92
CHEMBL741,1.38
CHEMBL1770477,4.23
CHEMBL1604571,-.2
CHEMBL426161,2
CHEMBL2325714,1.35
CHEMBL2177165,2.83
CHEMBL2325735,2.1
CHEMBL2036576,2.36
CHEMBL1682965,3.18
CHEMBL1809229,3.2
CHEMBL387125,2.23
CHEMBL2325983,3.4
CHEMBL2208429,2.95
CHEMBL387545,3.3
CHEMBL2023350,3.4
CHEMBL1889452,2.11
CHEMBL2216859,3.49
CHEMBL273449,2.37
CHEMBL509,2.33
CHEMBL2164745,.78
CHEMBL2023802,3.29
CHEMBL567161,3.11
CHEMBL1682824,3.2
CHEMBL184659,2.7
CHEMBL1684,1.78
CHEMBL193646,.73
CHEMBL153036,1.96
CHEMBL390674,3.47
CHEMBL2029359,1.92
CHEMBL50161,2.96
CHEMBL2086691,3.1
CHEMBL1703518,3.9
CHEMBL1084762,2.53
CHEMBL1290746,2.6
CHEMBL225363,2.7
CHEMBL193757,.81
CHEMBL1382733,1.2
CHEMBL1190521,1.89
CHEMBL210887,3
CHEMBL1916264,.65
CHEMBL226856,1.11
CHEMBL2361579,2.8
CHEMBL1308863,2.96
CHEMBL1762157,3.73
CHEMBL100675,2.16
CHEMBL2207286,3.13
CHEMBL428777,3.67
CHEMBL644,2.95
CHEMBL1608462,3.8
CHEMBL2207659,3.02
CHEMBL2107729,3.02
CHEMBL101119,2.1
CHEMBL22242,.05
CHEMBL1094250,3.48
CHEMBL2336320,2.82
CHEMBL239767,3.9
CHEMBL2171036,1.39
CHEMBL250132,3.22
CHEMBL235579,2.18
CHEMBL514384,2.75
CHEMBL294878,3.2
CHEMBL686,1.89
CHEMBL167226,2.3
CHEMBL550438,3.56
CHEMBL301265,3.15
CHEMBL1807855,.47
CHEMBL1232461,2.46
CHEMBL403812,1.69
CHEMBL521809,2.13
CHEMBL1807870,.99
CHEMBL481563,3.87
CHEMBL1592130,4.2
CHEMBL173706,-.35
CHEMBL1916086,1.9
CHEMBL2036748,1.98
CHEMBL1800660,2.51
CHEMBL2171049,1.6
CHEMBL2333941,.8
CHEMBL2151323,2.41
CHEMBL2325014,2.3
CHEMBL1073,.31
CHEMBL280713,2.1
CHEMBL1721498,2.72
CHEMBL1945292,.01
CHEMBL520742,2.82
CHEMBL1430654,4.02
CHEMBL1738761,.76
CHEMBL2023801,2.79
CHEMBL100945,2.8
CHEMBL99408,1.33
CHEMBL1950722,1.65
CHEMBL1917462,.92
CHEMBL1824031,1.42
CHEMBL258175,1.68
CHEMBL474484,.7
CHEMBL260091,2.03
CHEMBL2208432,4.46
CHEMBL1917455,2.28
CHEMBL481611,2.9
CHEMBL11,2.49
CHEMBL1682836,3.1
CHEMBL14516,2
CHEMBL6966,2.61
CHEMBL575492,3.37
CHEMBL2031563,.29
CHEMBL621,2.67
CHEMBL208487,2.74
CHEMBL1956334,3.01
CHEMBL115022,2.41
CHEMBL400883,2.41
CHEMBL1809198,3.5
CHEMBL546,.2
CHEMBL1914480,.83
CHEMBL1346348,3.16
CHEMBL452530,1.2
CHEMBL10975,2.02
CHEMBL2070947,1.49
CHEMBL588,.87
CHEMBL445162,3.13
CHEMBL1824038,-.11
CHEMBL1783259,3.65
CHEMBL488881,4.2
CHEMBL1491421,1.9
CHEMBL1164652,3.58
CHEMBL440335,4.5
CHEMBL2164668,3.01
CHEMBL259850,2.9
CHEMBL241609,2.45
CHEMBL2152918,3.4
CHEMBL1945294,-.28
CHEMBL1258188,3.31
CHEMBL1214185,1.8
CHEMBL479847,2.95
CHEMBL2086675,3.4
CHEMBL2349324,4.5
CHEMBL383760,3.65
CHEMBL1934268,.95
CHEMBL158766,1.37
CHEMBL837,1.6
CHEMBL2110732,4.1
CHEMBL2325601,2.65
CHEMBL1209658,2.71
CHEMBL2062571,2.24
CHEMBL2153435,2.42
CHEMBL1209739,3.13
CHEMBL1364,-.58
CHEMBL453053,1.22
CHEMBL2059000,.5
CHEMBL421604,1.34
CHEMBL2171042,1.84
CHEMBL2172001,1.93
CHEMBL2062566,3.3
CHEMBL107920,3.84
CHEMBL1831130,1.55
CHEMBL230641,4.21
CHEMBL98406,2.2
CHEMBL376813,2.7
CHEMBL26894,.36
CHEMBL329672,3.9
CHEMBL1946026,2.75
CHEMBL1288221,2.94
CHEMBL1574150,4.36
CHEMBL272282,1.63
CHEMBL128613,2.79
CHEMBL251202,2.65
CHEMBL1430943,3.44
CHEMBL605785,2.98
CHEMBL128514,3.5
CHEMBL440464,.5
CHEMBL104298,1.6
CHEMBL6399,.9
CHEMBL271939,2.4
CHEMBL303714,.4
CHEMBL1559397,-.8
CHEMBL1834385,2
CHEMBL2326693,2.37
CHEMBL1762537,4.2
CHEMBL1730860,3.3
CHEMBL2164688,2.4
CHEMBL318021,2.4
CHEMBL2164377,3.9
CHEMBL208330,2.9
CHEMBL1950864,1.64
CHEMBL2164689,4.2
CHEMBL279053,3.92
CHEMBL898,.59
CHEMBL1824832,2.94
CHEMBL66953,2.03
CHEMBL2331752,2.35
CHEMBL1807826,1.21
CHEMBL1917419,2.87
CHEMBL2059869,2.71
CHEMBL180184,4
CHEMBL1201203,1.49
CHEMBL1947153,1.99
CHEMBL388473,2
CHEMBL2104196,1.7
CHEMBL2312933,2.6
CHEMBL480601,3.84
CHEMBL652,1.13
CHEMBL2326689,2.47
CHEMBL370826,2.41
CHEMBL2062570,3.57
CHEMBL28636,2.8
CHEMBL2104625,.67
CHEMBL15706,2.3
CHEMBL1835918,2.62
CHEMBL1456596,1.37
CHEMBL358325,2.58
CHEMBL465305,2.21
CHEMBL1957840,3.3
CHEMBL2335905,3.02
CHEMBL1689136,1.52
CHEMBL2048864,.68
CHEMBL314034,3.83
CHEMBL417727,2.23
CHEMBL409494,2.76
CHEMBL514690,2.88
CHEMBL1762541,3
CHEMBL365903,2.3
CHEMBL472455,3.09
CHEMBL2107366,2.9
CHEMBL1682961,3.62
CHEMBL1957374,3.5
CHEMBL1164033,2.99
CHEMBL1915315,2.9
CHEMBL2087421,-.4
CHEMBL1508448,-.2
CHEMBL14323,2.7
CHEMBL456381,3.7
CHEMBL2147569,3.8
CHEMBL1809223,3.5
CHEMBL2325719,1.7
CHEMBL129982,3.45
CHEMBL562310,3.28
CHEMBL1233689,1.51
CHEMBL191974,4
CHEMBL2062555,2.3
CHEMBL1829409,1.39
CHEMBL313206,.53
CHEMBL421583,2.24
CHEMBL1903477,1.37
CHEMBL2068881,3.92
CHEMBL564607,2.48
CHEMBL201307,2.89
CHEMBL1689134,.54
CHEMBL2153184,2.61
CHEMBL1957850,2.3
CHEMBL464552,2.61
CHEMBL1940315,1.4
CHEMBL129529,1.93
CHEMBL2158819,2.17
CHEMBL2321994,.06
CHEMBL439871,3.18
CHEMBL467028,3.12
CHEMBL2010838,1.9
CHEMBL1449167,1.06
CHEMBL1201,3.16
CHEMBL1762539,2.61
CHEMBL99689,1.2
CHEMBL86754,2.19
CHEMBL226781,1.78
CHEMBL1944692,1.3
CHEMBL809,3.15
CHEMBL2086676,3.7
CHEMBL2153304,2.28
CHEMBL288524,.29
CHEMBL311862,2.7
CHEMBL549344,1.24
CHEMBL426851,1.61
CHEMBL365472,3.1
CHEMBL20,-.78
CHEMBL1689124,1.02
CHEMBL182878,2.9
CHEMBL1079772,2.65
CHEMBL11428,2.87
CHEMBL2035028,2
CHEMBL2062572,2.58
CHEMBL408194,2.55
CHEMBL254359,1.2
CHEMBL1789148,.38
CHEMBL1477550,3.44
CHEMBL371888,3.6
CHEMBL2335893,3.08
CHEMBL11144,2.22
CHEMBL216769,2.11
CHEMBL213854,.53
CHEMBL1950725,.81
CHEMBL1916280,.66
CHEMBL2171014,2
CHEMBL213029,1.68
CHEMBL422329,2.16
CHEMBL2036594,2.8
CHEMBL214376,3.1
CHEMBL2110360,3.13
CHEMBL1934270,1.84
CHEMBL378730,1.27
CHEMBL1545465,2.42
CHEMBL411799,3.6
CHEMBL1870384,3.38
CHEMBL2208437,1.21
CHEMBL2010843,2.5
CHEMBL1689133,1.66
CHEMBL263655,1.2
CHEMBL244936,3.3
CHEMBL2164687,3.65
CHEMBL1945044,.91
CHEMBL57531,2.06
CHEMBL2158832,1.26
CHEMBL1212983,3.41
CHEMBL2086659,3.5
CHEMBL2087844,3.8
CHEMBL1329237,3.37
CHEMBL1972934,1.19
CHEMBL140642,3
CHEMBL914,.42
CHEMBL1631472,1.59
CHEMBL389348,.18
CHEMBL132293,1.09
CHEMBL2178949,1.2
CHEMBL416,1.97
CHEMBL1818341,1.9
CHEMBL1289114,2.55
CHEMBL1626156,2.98
CHEMBL193240,3.95
CHEMBL151592,1.09
CHEMBL1288960,-.4
CHEMBL2207657,3
CHEMBL62746,.36
CHEMBL1180267,.51
CHEMBL243978,3.27
CHEMBL550904,3.61
CHEMBL1952147,2.19
CHEMBL33,-.35
CHEMBL595,2.8
CHEMBL516441,4.05
CHEMBL480618,1.75
CHEMBL1940296,1.99
CHEMBL446519,1.6
CHEMBL237888,2
CHEMBL521851,3.3
CHEMBL473967,1.32
CHEMBL2171037,1.7
CHEMBL2335887,2.78
CHEMBL2158782,2.54
CHEMBL235851,3.3
CHEMBL2325736,2.2
CHEMBL1684984,1.2
CHEMBL414017,2.22
CHEMBL1917430,.79
CHEMBL1783285,2.75
CHEMBL481400,2.3
CHEMBL519422,2.53
CHEMBL445102,2.25
CHEMBL2088094,3.63
CHEMBL256322,.95
CHEMBL2164677,2.77
CHEMBL1209430,3.23
CHEMBL2171990,.67
CHEMBL2346967,2.9
CHEMBL1502,2
CHEMBL586702,3.04
CHEMBL1950842,1.46
CHEMBL1345229,2.26
CHEMBL448483,3.1
CHEMBL1538897,3.4
CHEMBL2335881,1.86
CHEMBL1302214,.98
CHEMBL480818,3.89
CHEMBL2171991,1.99
CHEMBL219445,4.04
CHEMBL2070940,2.1
CHEMBL1562923,2.5
CHEMBL1683934,2.16
CHEMBL2011924,2.63
CHEMBL2088121,-.62
CHEMBL1870155,3.01
CHEMBL135,3.72
CHEMBL1405,3.4
CHEMBL1778653,2.77
CHEMBL396043,4.37
CHEMBL331019,3.6
CHEMBL203854,3.24
CHEMBL380673,3.46
CHEMBL2107486,2.1
CHEMBL2087625,4.26
CHEMBL216749,2.7
CHEMBL1917450,-.83
CHEMBL2151319,2.74
CHEMBL1778633,-.59
CHEMBL33899,3.89
CHEMBL1950860,2.85
CHEMBL101,.45
CHEMBL1312533,2.79
CHEMBL1951032,2.4
CHEMBL1077458,2.91
CHEMBL2314198,2.75
CHEMBL1689128,1.21
CHEMBL1720347,1.52
CHEMBL1650732,1.91
CHEMBL213294,2.94
CHEMBL1715893,-1.4
CHEMBL1486187,2.06
CHEMBL1683036,2.36
CHEMBL2216902,2.9
CHEMBL61946,2.3
CHEMBL1907194,1.38
CHEMBL126,.67
CHEMBL2086689,3.4
CHEMBL425300,2.9
CHEMBL301359,1
CHEMBL2325701,2.8
CHEMBL2059909,1.41
CHEMBL1807817,2.54
CHEMBL1064,3.7
CHEMBL1689129,1.1
CHEMBL254370,2.14
CHEMBL1223457,3.18
CHEMBL184721,3.2
CHEMBL354788,1.2
CHEMBL561368,3.57
CHEMBL1464,.86
CHEMBL173809,3.6
CHEMBL326642,2.68
CHEMBL389791,2.83
CHEMBL51,2.9
CHEMBL1796296,2.48
CHEMBL2163349,1.5
CHEMBL2335911,3.45
CHEMBL2179272,.22
CHEMBL186422,1.32
CHEMBL452274,.97
CHEMBL1700458,1.17
CHEMBL2158828,2
CHEMBL1978713,3.85
CHEMBL424378,1.9
CHEMBL2207672,2.83
CHEMBL1576727,2.92
CHEMBL2177390,1.3
CHEMBL2179666,-.51
CHEMBL22033,1.8
CHEMBL2207285,3.67
CHEMBL2031227,2.73
CHEMBL2164685,3.2
CHEMBL1624529,.3
CHEMBL1399152,2.58
CHEMBL1824030,.52
CHEMBL2177608,1.11
CHEMBL250516,2.46
CHEMBL2321993,.12
CHEMBL44227,3.65
CHEMBL1682967,2.75
CHEMBL1645501,1.41
CHEMBL2171024,1.23
CHEMBL1917426,1.84
CHEMBL250124,3.61
CHEMBL1198335,3.9
CHEMBL1683033,1.99
CHEMBL2325991,1.8
CHEMBL454616,2.8
CHEMBL2326523,2.88
CHEMBL226906,1.15
CHEMBL2346974,3.2
CHEMBL1212988,2.53
CHEMBL393714,2.61
CHEMBL404108,1.02
CHEMBL51781,2.72
CHEMBL1287891,.77
CHEMBL1779045,2.24
CHEMBL1887445,3.2
CHEMBL514201,3.6
CHEMBL1824041,.23
CHEMBL259515,1.13
CHEMBL1922267,2.87
CHEMBL500,-.12
CHEMBL1650725,1.75
CHEMBL2335883,1.4
CHEMBL91863,2.85
CHEMBL593300,3.11
CHEMBL205465,4.07
CHEMBL472618,2.59
CHEMBL1454,.81
CHEMBL1089224,3.76
CHEMBL2086656,3.9
CHEMBL1809228,4.1
CHEMBL2164678,3
CHEMBL391565,1.72
CHEMBL2207654,3.02
CHEMBL217354,3.44
CHEMBL325681,2.41
CHEMBL2179280,1.68
CHEMBL1271394,3.21
CHEMBL364069,.7
CHEMBL569720,1.92
CHEMBL495383,3.83
CHEMBL1779014,3.76
CHEMBL1951081,2.82
CHEMBL1538857,2.3
CHEMBL1289926,3.8
CHEMBL2094541,1.4
CHEMBL420857,2.86
CHEMBL1934420,.8
CHEMBL2035035,1.7
CHEMBL128506,1.71
CHEMBL430854,2.6
CHEMBL219861,2.14
CHEMBL1809200,3.5
CHEMBL2177614,.59
CHEMBL1312643,1.34
CHEMBL73151,2.73
CHEMBL607,1.4
CHEMBL2164850,3.44
CHEMBL456985,2.23
CHEMBL1224140,2.08
CHEMBL69863,2.11
CHEMBL2153179,2.49
CHEMBL1241590,.44
CHEMBL2335876,2.78
CHEMBL2163583,2.99
CHEMBL533154,1.39
CHEMBL211631,.49
CHEMBL1535,.77
CHEMBL468297,3.15
CHEMBL2325732,2.4
CHEMBL1809191,2.82
CHEMBL2207660,3.66
CHEMBL2035034,1.7
CHEMBL460,1.54
CHEMBL2035031,1.7
CHEMBL2362258,1.31
CHEMBL71917,3.5
CHEMBL1458496,2.98
CHEMBL2062581,2.65
CHEMBL1541257,2.33
CHEMBL505521,1.85
CHEMBL1955881,3.3
CHEMBL369684,1.26
CHEMBL2335912,3.46
CHEMBL2177155,3.25
CHEMBL1916082,.79
CHEMBL1605684,3.2
CHEMBL2178371,1.3
CHEMBL1458025,2.7
CHEMBL2171027,.66
CHEMBL100391,2.25
CHEMBL284954,2.79
CHEMBL92484,1.57
CHEMBL264026,2
CHEMBL1499,1.4
CHEMBL393501,3.8
CHEMBL1222443,2.07
CHEMBL2335904,3.2
CHEMBL2153173,3.24
CHEMBL1916283,1.2
CHEMBL184271,3.19
CHEMBL2164744,.77
CHEMBL1940279,3.88
CHEMBL631,1.72
CHEMBL1303766,-.2
CHEMBL2036782,2.21
CHEMBL20210,2.8
CHEMBL2336331,3.75
CHEMBL277474,.11
CHEMBL2179668,-1.03
CHEMBL1349,-1.3
CHEMBL1949685,1.65
CHEMBL2011908,2.88
CHEMBL392559,1.45
CHEMBL760,1.86
CHEMBL2158834,1.71
CHEMBL1385161,-.2
CHEMBL452861,.99
CHEMBL324343,1.14
CHEMBL379350,2
CHEMBL1468936,3.8
CHEMBL1778627,-.81
CHEMBL1762521,3.47
CHEMBL2170985,.9
CHEMBL91428,3.9
CHEMBL567175,2.7
CHEMBL1916083,-.54
CHEMBL2335865,3.56
CHEMBL384536,2.04
CHEMBL313907,1.25
CHEMBL2059910,1.58
CHEMBL1809062,3.2
CHEMBL2035039,1.6
CHEMBL1824040,.37
CHEMBL569,0
CHEMBL515839,2.82
CHEMBL2207655,2.54
CHEMBL789,.97
CHEMBL51931,2.6
CHEMBL235789,1.84
CHEMBL443684,.64
CHEMBL273235,2.4
CHEMBL1270671,3.52
CHEMBL2152906,4.4
CHEMBL11336,1.82
CHEMBL2315158,1.9
CHEMBL1762,-.15
CHEMBL550777,1.19
CHEMBL1163879,2.92
CHEMBL554169,1.02
CHEMBL2062564,3.44
CHEMBL561339,.77
CHEMBL1682810,3.8
CHEMBL1536083,4.03
CHEMBL1950730,1.32
CHEMBL60066,1.38
CHEMBL1927039,3.01
CHEMBL403813,1.22
CHEMBL2086688,2.3
CHEMBL430507,2.4
CHEMBL1762536,3.8
CHEMBL87277,3.97
CHEMBL878,1.64
CHEMBL499864,2.94
CHEMBL1610495,3.1
CHEMBL2325622,1
CHEMBL1081627,4.1
CHEMBL198497,2.09
CHEMBL453261,2.74
CHEMBL2325987,2.4
CHEMBL518760,2.52
CHEMBL1917444,1.01
CHEMBL1916281,1.21
CHEMBL1917418,2.18
CHEMBL556667,3.4
CHEMBL1481,1.73
CHEMBL1938681,3
CHEMBL559696,2.18
CHEMBL2087853,4.02
CHEMBL567,3.6
CHEMBL2071095,1.4
CHEMBL256711,2.3
CHEMBL1682830,3.7
CHEMBL1649771,1.39
CHEMBL402553,2.87
CHEMBL1645105,3.2
CHEMBL2023704,2.08
CHEMBL2164682,2.66
CHEMBL1734492,3.3
CHEMBL1683038,2.35
CHEMBL2030443,1
CHEMBL213495,.52
CHEMBL1483,3.24
CHEMBL565755,2.4
CHEMBL1644358,2.78
CHEMBL284237,1.6
CHEMBL79537,1.93
CHEMBL274642,2.55
CHEMBL1807872,-.03
CHEMBL2036737,2.96
CHEMBL1347379,3.79
CHEMBL72683,2.5
CHEMBL1946017,3.65
CHEMBL1083642,1.38
CHEMBL2088259,3.5
CHEMBL202314,-.04
CHEMBL2152074,1.54
CHEMBL499520,3.19
CHEMBL1229059,1.28
CHEMBL1444,1.7
CHEMBL218713,3.6
CHEMBL205627,1.5
CHEMBL1871428,.82
CHEMBL1340633,1.8
CHEMBL8953,3.38
CHEMBL257176,1.58
CHEMBL95925,2.88
CHEMBL1070,3.06
CHEMBL2169908,2.67
CHEMBL1950721,1.49
CHEMBL333685,1.5
CHEMBL33227,3.58
CHEMBL1706173,2.87
CHEMBL488084,2.39
CHEMBL1535688,-.84
CHEMBL1231206,3.6
CHEMBL1718949,3.7
CHEMBL1824043,.9
CHEMBL38688,3.2
CHEMBL1770475,4.24
CHEMBL2086684,3.33
CHEMBL122617,2.5
CHEMBL1513816,3.14
CHEMBL2326624,1.61
CHEMBL340450,1.66
CHEMBL1223873,1.61
CHEMBL1242565,1.66
CHEMBL2031168,.07
CHEMBL1405928,3.22
CHEMBL62136,4.5
CHEMBL1087399,2.26
CHEMBL640,-.92
CHEMBL373339,1.74
CHEMBL1995326,2.63
CHEMBL184347,3.49
CHEMBL441225,1.5
CHEMBL1258166,.07
CHEMBL113187,2.38
CHEMBL73243,3.41
CHEMBL211456,-1.15
CHEMBL2163586,3.75
CHEMBL2031164,.6
CHEMBL406852,-.58
CHEMBL1172928,1.69
CHEMBL1951893,2.67
CHEMBL2164675,-.1
CHEMBL2326686,1.33
CHEMBL1209655,3.36
CHEMBL2325707,1.9
CHEMBL188369,3.14
CHEMBL2331749,2.12
CHEMBL1951916,1.93
CHEMBL1950854,1.45
CHEMBL47406,.92
CHEMBL403963,-.4
CHEMBL669,2.83
CHEMBL109244,1.26
CHEMBL345937,-1.1
CHEMBL2171040,.89
CHEMBL2104888,2.8
CHEMBL1077827,1.4
CHEMBL300982,3.07
CHEMBL219098,2.87
CHEMBL1824606,3.85
CHEMBL1218,2.57
CHEMBL121,2.5
CHEMBL193200,2.54
CHEMBL1433131,2.66
CHEMBL72,1.24
CHEMBL2179269,-.3
CHEMBL1945033,-.07
CHEMBL147405,1.6
CHEMBL2325713,2.6
CHEMBL2164746,.39
CHEMBL1523918,1.14
CHEMBL1529080,1.3
CHEMBL291666,3.1
CHEMBL2010849,1.8
CHEMBL611,.9
CHEMBL2086692,2.6
CHEMBL81642,2.2
CHEMBL167059,2.1
CHEMBL1329874,2.88
CHEMBL485618,2.44
CHEMBL98345,.75
CHEMBL1088,1.6
CHEMBL168484,.44
CHEMBL2178935,2.7
CHEMBL1184126,1.9
CHEMBL526098,2.42
CHEMBL601719,2.33
CHEMBL1784340,.9
CHEMBL130590,4.28
CHEMBL1946616,1.98
CHEMBL588001,.79
CHEMBL1459983,3.7
CHEMBL2158831,2.48
CHEMBL2348651,3.2
CHEMBL1092926,1.86
CHEMBL1829254,.01
CHEMBL24850,.4
CHEMBL2171023,1.73
CHEMBL2059867,2.97
CHEMBL1299863,3.78
CHEMBL2165054,.63
CHEMBL2017974,2.7
CHEMBL2058529,3.22
CHEMBL612012,.8
CHEMBL488238,3.19
CHEMBL421236,3.6
CHEMBL1645135,1.47
CHEMBL1813048,4.4
CHEMBL336923,3.12
CHEMBL850,-.15
CHEMBL1957266,3.82
CHEMBL372361,1.6
CHEMBL47875,4.1
CHEMBL1650737,2.85
CHEMBL1462105,1.87
CHEMBL419763,4.13
CHEMBL149434,2.1
CHEMBL49236,2.31
CHEMBL12952,.23
CHEMBL1939752,3.02
CHEMBL21342,1.9
CHEMBL1778623,.67
CHEMBL1004,-.2
CHEMBL17357,.33
CHEMBL39058,2.09
CHEMBL322019,3.2
CHEMBL472,2.23
CHEMBL249927,3.71
CHEMBL1194666,1.18
CHEMBL443239,2.7
CHEMBL277148,2.54
CHEMBL242818,2
CHEMBL419742,4.2
CHEMBL187007,4.26
CHEMBL2147150,3.58
CHEMBL2031466,1.56
CHEMBL1080151,3.27
CHEMBL1567984,.3
CHEMBL2111158,-.97
CHEMBL1224286,1.93
CHEMBL266195,.99
CHEMBL2062582,2.71
CHEMBL424,-1.36
CHEMBL1079428,2.94
CHEMBL782,.44
CHEMBL2179275,.91
CHEMBL385240,3.6
CHEMBL1835912,3.76
CHEMBL564366,1.18
CHEMBL430381,3.11
CHEMBL198758,2.76
CHEMBL109614,2.32
CHEMBL101473,2
CHEMBL2153188,1.72
CHEMBL351231,3.51
CHEMBL517544,3.5
CHEMBL1209736,3.21
CHEMBL1927707,2.71
CHEMBL254129,2.63
CHEMBL315985,.79
CHEMBL1529362,1.8
CHEMBL1289682,4.23
CHEMBL1539,-.73
CHEMBL180368,3.25
CHEMBL1650723,2.53
CHEMBL226905,.9
CHEMBL1323247,2.28
CHEMBL2349335,4.2
CHEMBL1626,3.48
CHEMBL195329,1.9
CHEMBL1384203,3.53
CHEMBL2179289,3.38
CHEMBL1800657,2.23
CHEMBL259081,3.01
CHEMBL2207226,3.37
CHEMBL1230165,1.29
CHEMBL902,-.6
CHEMBL1939738,3.38
CHEMBL1951918,1.9
CHEMBL365614,1.9
CHEMBL2207656,3.15
CHEMBL70824,2.16
CHEMBL1457701,1.97
CHEMBL140453,2.78
CHEMBL2153180,2.48
CHEMBL2087846,2.55
CHEMBL2153174,3.9
CHEMBL520902,.68
CHEMBL1213071,1.63
CHEMBL41,1.92
CHEMBL1079588,2.97
CHEMBL167151,1.3
CHEMBL1084546,2.63
CHEMBL370492,3
CHEMBL1770298,4.05
CHEMBL1089517,1.86
CHEMBL10,3.34
CHEMBL1934271,1.88
CHEMBL1630123,2.6
CHEMBL447183,.79
CHEMBL441093,2.88
CHEMBL1682972,2.2
CHEMBL1614705,1.79
CHEMBL2151322,2.79
CHEMBL2011942,2.48
CHEMBL252083,3
CHEMBL453629,1.96
CHEMBL1575541,2.15
CHEMBL1809067,3.3
CHEMBL1223955,1.1
CHEMBL551813,1.46
CHEMBL1916261,.46
CHEMBL577458,1.24
CHEMBL368473,.7
CHEMBL2010846,3.1
CHEMBL154,.13
CHEMBL288470,.78
CHEMBL281066,2.7
CHEMBL2178385,.22
CHEMBL563,.85
CHEMBL1809196,3.7
CHEMBL2035025,1.3
CHEMBL1778373,1.36
CHEMBL2179279,1.37
CHEMBL139088,3.2
CHEMBL1779013,3.2
CHEMBL1299619,3.26
CHEMBL2062575,1.62
CHEMBL2062574,2.24
CHEMBL2163582,3.59
CHEMBL8145,2.46
CHEMBL65119,3.8
CHEMBL1090089,1.5
CHEMBL111660,1.1
CHEMBL2180015,3.6
CHEMBL540930,3.12
CHEMBL66520,1.84
CHEMBL1809195,2.9
CHEMBL1574146,3.18
CHEMBL2079220,1.04
CHEMBL1964629,2.26
CHEMBL1374798,-.5
CHEMBL320714,2.21
CHEMBL1778365,.95
CHEMBL256963,1.19
CHEMBL149324,-.21
CHEMBL2035023,.2
CHEMBL16073,1.5
CHEMBL492112,4.03
CHEMBL1909282,-.22
CHEMBL519301,1.2
CHEMBL2012204,2.88
CHEMBL8232,.59
CHEMBL2151324,2.97
CHEMBL557697,2.84
CHEMBL181610,2.67
CHEMBL129198,2.4
CHEMBL2170837,4.2
CHEMBL1631473,1.21
CHEMBL514257,3.75
CHEMBL2030446,2.38
CHEMBL2088093,3.07
CHEMBL272842,.8
CHEMBL550496,1.94
CHEMBL2172003,3.49
CHEMBL2031467,1.47
CHEMBL1489473,3.62
CHEMBL325486,3.4
CHEMBL2086687,3
CHEMBL1566172,2.34
CHEMBL339670,1.26
CHEMBL1947156,2.32
CHEMBL457888,2.43
CHEMBL232846,3.12
CHEMBL2321992,.62
CHEMBL183492,3.6
CHEMBL1916288,.45
CHEMBL2158841,2.98
CHEMBL1270773,2.5
CHEMBL2335885,3.23
CHEMBL2086670,2.89
CHEMBL477785,2.52
CHEMBL61236,1.7
CHEMBL1455292,.8
CHEMBL2207665,2.76
CHEMBL1645108,3.1
CHEMBL2087848,3.61
CHEMBL2172000,2.7
CHEMBL1957460,2
CHEMBL98350,2.9
CHEMBL1916543,.2
CHEMBL301928,2
CHEMBL1917447,-.16
CHEMBL256348,2.7
CHEMBL2179282,1.97
CHEMBL480208,2.46
CHEMBL1054,.37
CHEMBL1904754,.99
CHEMBL2208422,3.42
CHEMBL1727809,3.8
CHEMBL153370,.08
CHEMBL366975,.9
CHEMBL407391,.95
CHEMBL584991,2.7
CHEMBL1422545,.87
CHEMBL1427554,2.59
CHEMBL1957361,3
CHEMBL2089383,1.68
CHEMBL2331751,2.3
CHEMBL2207671,2.63
CHEMBL2068760,.44
CHEMBL187392,3.4
CHEMBL2216870,2.72
CHEMBL558752,3.45
CHEMBL47633,2.2
CHEMBL2218940,3.4
CHEMBL93,2.05
CHEMBL1490317,1.52
CHEMBL128782,3
CHEMBL515605,1.44
CHEMBL1752,-1.25
CHEMBL239640,2.03
CHEMBL130873,2.51
CHEMBL306380,4.1
CHEMBL218677,3.1
CHEMBL339059,1.75
CHEMBL264666,1.84
CHEMBL2036595,3.6
CHEMBL1770464,2.03
CHEMBL1939739,3.58
CHEMBL292303,-.92
CHEMBL204887,4.05
CHEMBL469007,3.97
CHEMBL1934413,1.57
CHEMBL226855,1.52
CHEMBL2165067,.83
CHEMBL2017259,2.2
CHEMBL1571558,1.1
CHEMBL1916279,1.46
CHEMBL2030442,1.7
CHEMBL1933596,1.72
CHEMBL325475,3.75
CHEMBL1778647,.62
CHEMBL2158775,2.77
CHEMBL1683035,2.36
CHEMBL247366,2.3
CHEMBL2169919,2.4
CHEMBL488,.6
CHEMBL515,1.47
CHEMBL367556,.66
CHEMBL1782167,3.36
CHEMBL1369407,3.17
CHEMBL2165061,.97
CHEMBL1475400,1.69
CHEMBL322640,2.6
CHEMBL218573,3.15
CHEMBL1995703,2.84
CHEMBL2333993,2.22
CHEMBL1345333,3.37
CHEMBL2070951,1.66
CHEMBL1944695,1.11
CHEMBL17,.92
CHEMBL1524763,3.1
CHEMBL196444,1
CHEMBL190270,3.82
CHEMBL1230668,-1.45
CHEMBL233227,1.99
CHEMBL112747,2.06
CHEMBL1834184,3.4
CHEMBL205133,1.94
CHEMBL1957841,3.3
CHEMBL300791,3.3
CHEMBL225519,1.49
CHEMBL369311,3
CHEMBL214957,2.74
CHEMBL224615,2.34
CHEMBL287200,2.8
CHEMBL1933593,1.83
CHEMBL89363,1.2
CHEMBL478828,3.43
CHEMBL1650726,1.82
CHEMBL563784,2.09
CHEMBL1917422,3.25
CHEMBL1644,-.86
CHEMBL900,1.47
CHEMBL2087084,3.1
CHEMBL1939560,2.9
CHEMBL583390,3.4
CHEMBL2331742,-1.28
CHEMBL1164165,2.5
CHEMBL199237,2.7
CHEMBL2177157,2.66
CHEMBL575073,2.55
CHEMBL2326472,1.06
CHEMBL1402150,2
CHEMBL113905,1.91
CHEMBL1606366,3.35
CHEMBL238620,1.96
CHEMBL90125,3.42
CHEMBL2036738,3.2
CHEMBL257027,2.75
CHEMBL2335882,2.65
CHEMBL1197051,.56
CHEMBL2010835,2.9
CHEMBL1683446,3.27
CHEMBL1614709,2.9
CHEMBL1420171,1.74
CHEMBL476577,2.76
CHEMBL206956,1.07
CHEMBL129660,.6
CHEMBL1288718,3.71
CHEMBL2010852,2.1
CHEMBL1950720,2.47
CHEMBL428848,1.05
CHEMBL2088108,2.5
CHEMBL1916537,.66
CHEMBL184243,2.46
CHEMBL2058533,3.24
CHEMBL1200558,-.46
CHEMBL207687,3.42
CHEMBL44793,1.52
CHEMBL324983,2.84
CHEMBL1682956,3.45
CHEMBL1980161,1.7
CHEMBL1256487,.49
CHEMBL1643196,1.38
CHEMBL383696,4.21
CHEMBL2158840,2.68
CHEMBL422648,.47
CHEMBL2010844,3.3
CHEMBL175627,.8
CHEMBL1824034,.83
CHEMBL402934,3.9
CHEMBL214665,2.98
CHEMBL1643200,2.41
CHEMBL1957038,3.8
CHEMBL139725,.83
CHEMBL1566034,1.21
CHEMBL108249,1.57
CHEMBL211175,2.55
CHEMBL2086668,3.5
CHEMBL75200,.2
CHEMBL2164742,.11
CHEMBL1645493,1.01
CHEMBL1270279,2.78
CHEMBL256117,2.82
CHEMBL2147475,-.04
CHEMBL1609158,3.37
CHEMBL2031556,-.05
CHEMBL1917431,.54
CHEMBL1917446,.06
CHEMBL314437,.8
CHEMBL303165,2.5
CHEMBL2207603,-.53
CHEMBL321467,2.62
CHEMBL2059005,2.9
CHEMBL2349312,4.3
CHEMBL1180237,.7
CHEMBL1650735,2.18
CHEMBL1224216,2.1
CHEMBL183293,3.5
CHEMBL220346,3
CHEMBL2036757,3.57
CHEMBL2177758,-.1
CHEMBL2030961,-.05
CHEMBL477568,2.39
CHEMBL513533,2.71
CHEMBL2335892,2.98
CHEMBL191413,.51
CHEMBL298384,2.6
CHEMBL283334,3.6
CHEMBL2062565,2.69
CHEMBL1689123,.44
CHEMBL48966,3.3
CHEMBL2349334,3.22
CHEMBL1940316,1.64
CHEMBL186542,2.54
CHEMBL1824608,3.67
CHEMBL1916284,2.35
CHEMBL101892,-.87
CHEMBL188504,3.59
CHEMBL442591,2.81
CHEMBL133996,-.01
CHEMBL515001,3.01
CHEMBL2165615,2.1
CHEMBL505610,3.4
CHEMBL2360367,3.27
CHEMBL25710,3.57
CHEMBL572629,3.9
CHEMBL1784355,1.34
CHEMBL222659,4.24
CHEMBL272980,2.28
CHEMBL266922,2.05
CHEMBL1241982,1.3
CHEMBL2322001,1.64
CHEMBL1618762,1.65
CHEMBL40,.05
CHEMBL1796299,1.77
CHEMBL2031229,2.75
CHEMBL44,3.06
CHEMBL2023117,3.42
CHEMBL457016,2.8
CHEMBL1917438,2.61
CHEMBL1762546,2.9
CHEMBL11098,2.47
CHEMBL2324355,3.7
CHEMBL1669155,2.2
CHEMBL1782927,2.7
CHEMBL562690,1.56
CHEMBL2178372,1.6
CHEMBL1900501,3.09
CHEMBL1425658,3.65
CHEMBL2048873,1.56
CHEMBL507803,3.11
CHEMBL2334381,3.3
CHEMBL1368601,3.3
CHEMBL1223246,2.77
CHEMBL1331627,1
CHEMBL440405,1.5
CHEMBL201799,2.86
CHEMBL426576,1.51
CHEMBL1783287,3.26
CHEMBL1934417,.78
CHEMBL254165,2.51
CHEMBL2349309,2.9
CHEMBL1518,.7
CHEMBL1417095,.6
CHEMBL1437065,.81
CHEMBL49739,.63
CHEMBL1783264,4.48
CHEMBL696,.23
CHEMBL2035022,2
CHEMBL1223526,3.29
CHEMBL256998,1.6
CHEMBL2010848,2.1
CHEMBL53841,.98
CHEMBL1222330,-1.1
CHEMBL1084327,1.18
CHEMBL329785,2
CHEMBL487067,2.09
CHEMBL103355,3.1
CHEMBL383322,1.69
CHEMBL1480954,.91
CHEMBL1835908,2.58
CHEMBL1957381,1.6
CHEMBL526925,2.61
CHEMBL606371,.49
CHEMBL482000,3.22
CHEMBL348000,-.7
CHEMBL2048863,1.89
CHEMBL564737,-.34
CHEMBL374023,2.75
CHEMBL2179270,-.26
CHEMBL459353,1.37
CHEMBL2035024,2.5
CHEMBL429405,.39
CHEMBL1890087,3.9
CHEMBL1940307,2.03
CHEMBL585367,2.47
CHEMBL1835904,2.68
CHEMBL808,2.54
CHEMBL575311,2.59
CHEMBL2207670,1.41
CHEMBL1807856,3.18
CHEMBL356894,1.78
CHEMBL2324776,1.15
CHEMBL1257698,2
CHEMBL509881,2.7
CHEMBL246746,2.44
CHEMBL129199,1.7
CHEMBL1223954,2.22
CHEMBL1373,1.12
CHEMBL191553,3.03
CHEMBL169901,-1.01
CHEMBL253969,2.5
CHEMBL2325710,1.1
CHEMBL378094,2.41
CHEMBL477772,3.3
CHEMBL249697,.88
CHEMBL1088751,2.8
CHEMBL1892375,2.9
CHEMBL373974,1.18
CHEMBL1916539,1.31
CHEMBL381434,1.6
CHEMBL1600099,3.31
CHEMBL507142,2.77
CHEMBL1184124,1.83
CHEMBL486232,3.4
CHEMBL1736763,.5
CHEMBL1269076,3.36
CHEMBL1543041,.4
CHEMBL1630140,2.6
CHEMBL1170,3.3
CHEMBL1233,2.01
CHEMBL2332935,2.76
CHEMBL165372,2.2
CHEMBL11009,3.3
CHEMBL13902,1.56
CHEMBL1209429,2.83
CHEMBL1075,3.1
CHEMBL2158769,2.12
CHEMBL457,.72
CHEMBL1209509,2.1
CHEMBL179877,2.4
CHEMBL1438072,.84
CHEMBL2110569,2.3
CHEMBL433936,2.64
CHEMBL258177,1.28
CHEMBL2036747,1.02
CHEMBL103667,4.49
CHEMBL481231,1.2
CHEMBL1682807,3.5
CHEMBL1650731,1.98
CHEMBL2347762,2.71
CHEMBL325870,2.37
CHEMBL2171050,.75
CHEMBL403877,2.48
CHEMBL1306071,3.63
CHEMBL1939750,2.11
CHEMBL475865,2.83
CHEMBL2030800,-.42
CHEMBL560493,-.85
CHEMBL1778629,-.66
CHEMBL481717,2.74
CHEMBL481596,2.63
CHEMBL1809059,2.5
CHEMBL2035020,3.2
CHEMBL1223872,.22
CHEMBL2335870,3.11
CHEMBL1835903,3.22
CHEMBL317410,3.6
CHEMBL1669161,3
CHEMBL66654,3.6
CHEMBL1951907,1.63
CHEMBL1560828,1.95
CHEMBL1868126,3.96
CHEMBL86276,1.91
CHEMBL1916534,1.24
CHEMBL1431736,2.2
CHEMBL1762533,2.23
CHEMBL1807816,1.5
CHEMBL1485846,3.42
CHEMBL1557849,3.8
CHEMBL17157,3.99
CHEMBL1287892,2.17
CHEMBL1807821,1.09
CHEMBL1739063,2.61
CHEMBL568011,3.83
CHEMBL2070943,2.4
CHEMBL471579,2.04
CHEMBL507130,3.9
CHEMBL1221659,1.62
CHEMBL480370,3.98
CHEMBL1702519,3.41
CHEMBL2070936,2.12
CHEMBL474102,3.2
CHEMBL2325742,3.3
CHEMBL340983,4.39
CHEMBL1689125,.7
CHEMBL254192,1.47
CHEMBL2164674,1.91
CHEMBL553,3.35
CHEMBL1173655,3.7
CHEMBL1950858,.77
CHEMBL1835909,3.44
CHEMBL2031169,-.18
CHEMBL3545252,3.4
CHEMBL832,-.51
CHEMBL19224,2.81
CHEMBL1762527,3.18
CHEMBL186174,2.74
CHEMBL1917427,2.23
CHEMBL1762530,2.94
CHEMBL287961,.47
CHEMBL478240,3
CHEMBL2336327,1.31
CHEMBL336399,.78
CHEMBL108200,3.1
CHEMBL51880,2.39
CHEMBL2088091,2.92
CHEMBL1213376,2.41
CHEMBL2036753,4.26
CHEMBL1362574,2.8
CHEMBL130,1.15
CHEMBL257830,1.95
CHEMBL1807829,2.2
CHEMBL1201236,-.7
CHEMBL1917457,-1.41
CHEMBL1778372,-.41
CHEMBL85,2.05
CHEMBL1343931,1.8
CHEMBL31,-.82
CHEMBL2158778,1.9
CHEMBL2097971,3.9
CHEMBL1946016,3.28
CHEMBL533,1.2
CHEMBL2325997,2.7
CHEMBL1463345,3.2
CHEMBL1917441,1.85
CHEMBL581893,-.51
CHEMBL10188,3.91
CHEMBL517943,4.28
CHEMBL1778624,.9
CHEMBL2088099,2.04
CHEMBL2137932,2.92
CHEMBL638,1.7
CHEMBL2171025,2.24
CHEMBL1762529,3
CHEMBL1916273,.46
CHEMBL1956112,.37
CHEMBL87,1.12
CHEMBL1223815,2.39
CHEMBL435859,-.62
CHEMBL1944693,.82
CHEMBL2314504,2.99
CHEMBL2325711,3.4
CHEMBL1209737,4.29
CHEMBL473417,2.84
CHEMBL150245,2.04
CHEMBL182279,3.9
CHEMBL115523,2.8
CHEMBL25539,-1.42
CHEMBL498,-.33
CHEMBL2036773,2.68
CHEMBL82301,2.7
CHEMBL149444,2.56
CHEMBL2158815,2.23
CHEMBL1200600,2.65
CHEMBL187845,3.58
CHEMBL2105728,1.99
CHEMBL54,2.67
CHEMBL1916282,1.44
CHEMBL424620,.68
CHEMBL277522,.58
CHEMBL2177611,1.39
CHEMBL288441,3.5
CHEMBL1631471,1.5
CHEMBL1934269,.93
CHEMBL2086667,3.4
CHEMBL84,.31
CHEMBL1950728,2.6
CHEMBL170984,1.83
CHEMBL186995,3.68
CHEMBL1055,.97
CHEMBL1829174,2.3
CHEMBL1322390,3.57
CHEMBL462385,2.26
CHEMBL128088,2.22
CHEMBL2030964,.78
CHEMBL2207607,-.34
CHEMBL1835913,2.63
CHEMBL934,1.45
CHEMBL517140,1.45
CHEMBL2086654,3.2
CHEMBL1778995,1.82
CHEMBL580,2.38
CHEMBL1631467,2.79
CHEMBL2163591,1.7
CHEMBL515515,1.4
CHEMBL95,.38
CHEMBL1465276,3.7
CHEMBL96076,3.1
CHEMBL503732,2.63
CHEMBL1431112,3
CHEMBL474829,2.3
CHEMBL2088115,3.4
CHEMBL1809204,3.7
CHEMBL1796298,1.78
CHEMBL2335878,2.29
CHEMBL487274,2.35
CHEMBL1977402,2.09
CHEMBL2179281,1.69
CHEMBL1829249,2.32
CHEMBL779,2.6
CHEMBL1916266,.27
CHEMBL1330968,1.87
CHEMBL1372682,3.83
CHEMBL50627,1.88
CHEMBL980,.24
CHEMBL2011920,2.5
CHEMBL180966,2.86
CHEMBL622,.49
CHEMBL1094168,3.88
CHEMBL273575,2.08
CHEMBL99737,1.6
CHEMBL2177602,.9
CHEMBL894,2.12
CHEMBL2153183,2.02
CHEMBL263664,2.72
CHEMBL56261,1.58
CHEMBL1442864,2.9
CHEMBL2180037,3.3
CHEMBL2087620,2.69
CHEMBL1288164,2.01
CHEMBL1917423,2
CHEMBL1490,2.68
CHEMBL1289113,2.63
CHEMBL1778992,2
CHEMBL66089,3.2
CHEMBL365123,1.19
CHEMBL235619,1.62
CHEMBL1916285,.29
CHEMBL388335,.6
CHEMBL1682827,2.3
CHEMBL1599290,1.56
CHEMBL379866,2.44
CHEMBL157101,3.7
CHEMBL2179296,3.68
CHEMBL1229592,3.9
CHEMBL379082,2.37
CHEMBL2023474,3.93
CHEMBL1779019,2.9
CHEMBL2087862,4.27
CHEMBL1078178,2.37
CHEMBL339212,2.5
CHEMBL552513,1.33
CHEMBL1766081,3.8
CHEMBL655,3.4
CHEMBL1951908,3.39
CHEMBL592956,3.17
CHEMBL1604278,1.25
CHEMBL2088118,3.92
CHEMBL1083943,1.26
CHEMBL435,-.09
CHEMBL1623850,1.6
CHEMBL1625198,1.54
CHEMBL1209738,2.86
CHEMBL1682793,2.9
CHEMBL1916544,-.14
CHEMBL217620,4.2
CHEMBL236859,2.55
CHEMBL29609,3.63
CHEMBL11403,2.12
CHEMBL188167,3.35
CHEMBL1224138,1.1
CHEMBL521262,3.41
CHEMBL1698351,.3
CHEMBL2179665,-.55
CHEMBL437765,1.19
CHEMBL826,-.83
CHEMBL251290,2.53
CHEMBL2334575,2.39
CHEMBL142653,1.99
CHEMBL224195,2.1
CHEMBL2325703,2.65
CHEMBL366947,2.48
CHEMBL127907,2.6
CHEMBL1682945,3.15
CHEMBL1778645,-.65
CHEMBL2036567,3.05
CHEMBL2094354,1.72
CHEMBL1682832,2.5
CHEMBL304354,2.26
CHEMBL2048866,1.97
CHEMBL1682949,3.56
CHEMBL1946019,2.79
CHEMBL451570,.51
CHEMBL1017,2.21
CHEMBL522505,2.26
CHEMBL69023,3.54
CHEMBL397688,3.56
CHEMBL539163,3.4
CHEMBL61835,.84
CHEMBL2348176,2.71
CHEMBL1951902,.9
CHEMBL1939737,3.99
CHEMBL2172782,.78
CHEMBL115125,1.75
CHEMBL256668,3.1
CHEMBL2179278,1.12
CHEMBL1730736,3
CHEMBL1327979,2.01
CHEMBL480,2.7
CHEMBL2012856,3.26
CHEMBL2030560,2.29
CHEMBL888,-1.5
CHEMBL513192,2.2
CHEMBL165790,4.07
CHEMBL1090090,1.6
CHEMBL1783281,3.99
CHEMBL264961,1.99
CHEMBL1934418,1.29
CHEMBL550,-.37
CHEMBL2012861,2.3
CHEMBL205092,1.71
CHEMBL2048869,1.86
CHEMBL2325705,2.4
CHEMBL275043,2.41
CHEMBL1916274,1.68
CHEMBL1230122,2.76
CHEMBL510349,3.22
CHEMBL338579,4.43
CHEMBL1290185,.24
CHEMBL443809,2.7
CHEMBL2335121,1.18
CHEMBL51314,2.83
CHEMBL135400,1.1
CHEMBL1511829,3.1
CHEMBL404687,1.65
CHEMBL274056,1.91
CHEMBL1507581,.24
CHEMBL258313,3.56
CHEMBL13486,1.88
CHEMBL2030393,2.19
CHEMBL2086673,3.3
CHEMBL572878,3.47
CHEMBL1895117,-.03
CHEMBL1779018,2.9
CHEMBL113725,.35
CHEMBL646,2.34
CHEMBL2171999,2.8
CHEMBL2087865,3
CHEMBL162203,4.1
CHEMBL182731,4
CHEMBL2165066,.66
CHEMBL1934421,1.08
CHEMBL465955,1.03
CHEMBL86795,1.9
CHEMBL515854,2.56
CHEMBL82663,2.61
CHEMBL319118,2.9
CHEMBL1650273,3.31
CHEMBL35,-.9
CHEMBL278172,1.83
CHEMBL1916271,1.46
CHEMBL289832,.21
CHEMBL1789274,.87
CHEMBL1688537,2.62
CHEMBL29838,3.63
CHEMBL479446,2.68
CHEMBL234950,3.49
CHEMBL1082704,2.84
CHEMBL249790,4.17
CHEMBL2088097,2.68
CHEMBL107313,1.69
CHEMBL1784357,.85
CHEMBL415247,2.39
CHEMBL2089277,.3
CHEMBL464081,3.8
CHEMBL2179277,1.09
CHEMBL521248,3.16
CHEMBL2023481,4.06
CHEMBL1612749,3.25
CHEMBL2177606,1.72
CHEMBL1350196,-.7
CHEMBL2071614,2.73
CHEMBL317281,1.48
CHEMBL450208,2.89
CHEMBL1454839,1
CHEMBL2042558,3.7
CHEMBL1650730,2.33
CHEMBL232830,3.07
CHEMBL2171041,1.74
CHEMBL1082811,1.56
CHEMBL278222,2.16
CHEMBL394799,3.31
CHEMBL587723,3.97
CHEMBL1897032,1
CHEMBL726,3.8
CHEMBL2062576,1.87
CHEMBL119489,1.95
CHEMBL1923434,.14
CHEMBL2349318,3.7
CHEMBL2207662,2.71
CHEMBL323443,1.01
CHEMBL1164374,2.9
CHEMBL571,-.12
CHEMBL1373037,3.5
CHEMBL304784,2.6
CHEMBL63323,1
CHEMBL2071098,2.4
CHEMBL482192,2.82
CHEMBL549620,2.93
CHEMBL1682817,2.8
CHEMBL2178945,1.2
CHEMBL1542,.19
CHEMBL2170975,1.2
CHEMBL2163360,2.13
CHEMBL2058280,2.8
CHEMBL1940832,.02
CHEMBL1194759,1.1
CHEMBL600780,.44
CHEMBL564885,.6
CHEMBL1428,3.8
CHEMBL478241,3.31
CHEMBL2206790,3.6
CHEMBL2158821,2.14
CHEMBL1440652,3.75
CHEMBL1387125,1.13
CHEMBL2010851,2.7
CHEMBL1427458,3.65
CHEMBL2207669,2.56
CHEMBL40999,-.31
CHEMBL213494,-.34
CHEMBL290119,3.12
CHEMBL1209586,3.12
CHEMBL1824371,3.15
CHEMBL1088913,.83
CHEMBL122695,1.49
CHEMBL1824373,2.41
CHEMBL73234,1.33
CHEMBL1682816,3.4
CHEMBL2171984,1.92
CHEMBL2036590,2.9
CHEMBL1917439,3.7
CHEMBL109937,2.9
CHEMBL56802,3.5
CHEMBL2325743,2.67
CHEMBL628,.22
CHEMBL1689137,1.12
CHEMBL456446,2.76
CHEMBL1682833,2.4
CHEMBL896,3.08
CHEMBL511,1.39
CHEMBL2158833,1.1
CHEMBL215022,2.06
CHEMBL1289574,3.03
CHEMBL2086678,3.8
CHEMBL395955,3.22
CHEMBL13976,1.75
CHEMBL2036589,3
CHEMBL440765,.99
CHEMBL1923432,1.74
CHEMBL184011,3.17
CHEMBL48616,4.3
CHEMBL321758,.91
CHEMBL2153190,2.18
CHEMBL516784,1.76
CHEMBL2153187,1.36
CHEMBL196585,3.86
CHEMBL2011916,2.96
CHEMBL191802,2.45
CHEMBL2030806,.52
CHEMBL469230,3.18
CHEMBL167176,3.3
CHEMBL13698,.6
CHEMBL256115,1.75
CHEMBL2062584,2.72
CHEMBL387658,1.4
CHEMBL1451129,2.7
CHEMBL1778628,.05
CHEMBL2312185,1.64
CHEMBL1807818,2.3
CHEMBL2059375,1.81
CHEMBL103771,4.12
CHEMBL190458,-.3
CHEMBL8663,2.16
CHEMBL1934422,.5
CHEMBL282694,2.57
CHEMBL196707,-.44
CHEMBL1950846,.9
CHEMBL589,.76
CHEMBL2325988,1.2
CHEMBL1779503,.74
CHEMBL1917445,.05
CHEMBL126857,2.4
CHEMBL2158770,2.26
CHEMBL1459468,2.9
CHEMBL1498995,2.36
CHEMBL94191,3.04
CHEMBL217665,1.3
CHEMBL563379,1.41
CHEMBL1101,2.49
CHEMBL1575409,2.5
CHEMBL2335896,3.18
CHEMBL2179667,-.82
CHEMBL126519,2.6
CHEMBL360425,2.06
CHEMBL17771,1.85
CHEMBL495497,2.36
CHEMBL1534781,2.79
CHEMBL1783734,1.39
CHEMBL1289545,2.17
CHEMBL2171013,4.49
CHEMBL1762482,3.08
CHEMBL1515,-.42
CHEMBL208292,3.58
CHEMBL1270670,3.7
CHEMBL550687,.5
CHEMBL1951904,2.41
CHEMBL2325731,2.4
CHEMBL2171043,2.62
CHEMBL1809199,3.2
CHEMBL2325503,2.66
CHEMBL486894,2.9
CHEMBL13280,2.1
CHEMBL1086377,3.05
CHEMBL510101,2.55
CHEMBL478407,3.62
CHEMBL1916541,.29
CHEMBL32363,1.06
CHEMBL2059004,.9
CHEMBL2208430,3.91
CHEMBL272705,2.21
CHEMBL394859,2.41
CHEMBL1311211,2.3
CHEMBL137,-.11
CHEMBL1630120,3.2
CHEMBL2207284,2.77
CHEMBL279261,1.5
CHEMBL204825,1
CHEMBL1650729,2.39
CHEMBL1916085,2.01
CHEMBL1556667,2.71
CHEMBL1789224,1.3
CHEMBL470897,2.8
CHEMBL51594,1.4
CHEMBL1437137,2.5
CHEMBL2313078,3.6
CHEMBL1223870,.12
CHEMBL1916286,1.75
CHEMBL1231626,2.78
CHEMBL1946024,4.01
CHEMBL108246,2.84
CHEMBL1939741,3.27
CHEMBL315970,4.41
CHEMBL2087086,3.1
CHEMBL1922094,1.9
CHEMBL71271,3
CHEMBL1468264,1.5
CHEMBL1774099,2.5
CHEMBL2031461,1.87
CHEMBL1807827,.98
CHEMBL2331843,2
CHEMBL1350030,1.71
CHEMBL27577,1.09
CHEMBL233238,2.61
CHEMBL436968,3.68
CHEMBL2163584,3.12
CHEMBL351811,1.32
CHEMBL87563,2.41
CHEMBL269538,2.9
CHEMBL1224215,2.23
CHEMBL562308,1.79
CHEMBL2036763,2.74
CHEMBL1945299,.91
CHEMBL2219422,2.99
CHEMBL184,-1.42
CHEMBL2028019,3.6
CHEMBL2207658,3.34
CHEMBL2068839,3.21
CHEMBL118755,-.16
CHEMBL384467,1.87
CHEMBL1270772,3
CHEMBL2208426,2.86
CHEMBL1917448,-.42
CHEMBL1172,1.48
CHEMBL2171029,1.6
CHEMBL2070950,1.6
CHEMBL1486517,2.5
CHEMBL2036779,2.1
CHEMBL2147032,3.24
CHEMBL1907764,3.05
CHEMBL1962616,-.51
CHEMBL1366397,2.31
CHEMBL393348,1.58
CHEMBL2021706,.4
CHEMBL187673,3.3
CHEMBL1555870,2.39
CHEMBL1289233,3.38
CHEMBL2031235,1.75
CHEMBL1824036,-.51
CHEMBL107955,1.67
CHEMBL445496,1.73
CHEMBL1478435,3
CHEMBL1807860,3.68
CHEMBL515062,2.77
CHEMBL1778644,-.92
CHEMBL232433,3.17
CHEMBL562698,1.77
CHEMBL2172005,1.85
CHEMBL2207666,3.42
CHEMBL2031562,.2
CHEMBL415521,1.2
CHEMBL476518,3.51
CHEMBL381055,3.73
CHEMBL51483,2.75
CHEMBL110999,2.44
CHEMBL2023475,3.88
CHEMBL325503,1.48
CHEMBL1682283,.92
CHEMBL595122,2
CHEMBL111350,1.77
CHEMBL551170,2.1
CHEMBL373351,1.38
CHEMBL2158772,2.54
CHEMBL2152252,2.8
CHEMBL90846,2.43
CHEMBL2046684,3.64
CHEMBL377309,4.14
CHEMBL1809061,2.4
CHEMBL1148,.3
CHEMBL2059373,-.98
CHEMBL444884,3.3
CHEMBL1701081,2.81
CHEMBL2326478,3.3
CHEMBL1595582,4.05
CHEMBL467148,2.64
CHEMBL111732,2.59
CHEMBL387265,2.82
CHEMBL1643349,2.3
CHEMBL1278,.48
CHEMBL211677,2.88
CHEMBL1271187,3.05
CHEMBL471757,3.08
CHEMBL1907830,2.4
CHEMBL1545637,3.49
CHEMBL1689109,.49
CHEMBL1333961,1.92
CHEMBL13817,1.4
CHEMBL1672434,2.13
CHEMBL212761,3.09
CHEMBL513370,2.36
CHEMBL576257,2.51
CHEMBL2062563,3.29
CHEMBL2087850,2.87
CHEMBL1322675,1.69
CHEMBL2323303,2.7
CHEMBL2179285,-.25
CHEMBL1333251,2.77
CHEMBL27364,4.1
CHEMBL2059374,-.88
CHEMBL2158839,2.58
CHEMBL1549615,3.9
CHEMBL1716201,4.15
CHEMBL335707,2.31
CHEMBL1777848,2.8
CHEMBL2158826,1.58
CHEMBL476993,2.19
CHEMBL1916084,.8
CHEMBL2087851,3.53
CHEMBL2331748,1.6
CHEMBL429330,2.49
CHEMBL1524929,3.61
CHEMBL1624252,3.34
CHEMBL252956,3.53
CHEMBL530184,3.65
CHEMBL250687,3.99
CHEMBL1223952,1.19
CHEMBL1896037,3.41
CHEMBL1807824,.86
CHEMBL2182002,2.6
CHEMBL515311,2.15
CHEMBL1455,2.44
CHEMBL2005730,3.2
CHEMBL1741132,1.35
CHEMBL2325994,1.3
CHEMBL379738,1.86
CHEMBL2171048,1.79
CHEMBL341226,4.21
CHEMBL227897,2.5
CHEMBL1956163,3.94
CHEMBL1875368,3.9
CHEMBL267936,-.84
CHEMBL1422,.31
CHEMBL806,3.46
CHEMBL390191,1.73
CHEMBL330366,3.23
CHEMBL404327,2.81
CHEMBL225510,.54
CHEMBL1707308,3.22
CHEMBL512901,4.09
CHEMBL442956,.78
CHEMBL1624560,2.36
CHEMBL31741,2.96
CHEMBL1547746,4.2
CHEMBL181858,3.6
CHEMBL1907763,2.9
CHEMBL1762528,2.6
CHEMBL402728,1.73
CHEMBL1760962,1.24
CHEMBL1270569,2.83
CHEMBL1288102,1.97
CHEMBL2017459,3.3
CHEMBL1630130,2.9
CHEMBL1560812,2.17
CHEMBL2086679,3.6
CHEMBL1586839,3.7
CHEMBL13863,1.88
CHEMBL1223953,1.11
CHEMBL375166,1.07
CHEMBL1442709,3.29
CHEMBL2171020,3.51
CHEMBL1824044,.87
CHEMBL209522,2.37
CHEMBL184052,3.6
CHEMBL1448915,2.18
CHEMBL2158779,2.6
CHEMBL1779001,2.14
CHEMBL250389,4.09
CHEMBL2326690,1.94
CHEMBL2208434,3.48
CHEMBL11334,2.63
CHEMBL1939743,2.35
CHEMBL71044,1.9
CHEMBL1600648,.16
CHEMBL384304,2.08
CHEMBL1224065,1.01
CHEMBL1526499,4
CHEMBL1095,1
CHEMBL185315,1.8
CHEMBL380936,3.69
CHEMBL1951912,1.44
CHEMBL2178946,1.7
CHEMBL27006,3.6
CHEMBL423026,2.47
CHEMBL1164070,3.4
CHEMBL2321999,1.95
CHEMBL226959,1.17
CHEMBL1528704,1.25
CHEMBL1809058,2.3
CHEMBL171951,-.4
CHEMBL1240590,2.99
CHEMBL398149,2.1
CHEMBL521815,1.03
CHEMBL271703,2.89
CHEMBL259084,2.58
CHEMBL1643194,2.62
CHEMBL78535,2.14
CHEMBL13923,1.74
CHEMBL397983,3.7
CHEMBL2335908,3.11
CHEMBL517534,2.55
CHEMBL1401353,3
CHEMBL1683032,3.02
CHEMBL1731705,3.96
CHEMBL70972,2.48
CHEMBL2207664,3.14
CHEMBL2057336,2.47
CHEMBL1682962,3.07
CHEMBL554332,3.04
CHEMBL1778639,-.45
CHEMBL226804,2.1
CHEMBL2088098,1.86
CHEMBL51257,2.81
CHEMBL787,3.45
CHEMBL101253,3.7
CHEMBL1043,.88
CHEMBL1294,2.21
CHEMBL2178941,1.6
CHEMBL347645,.3
CHEMBL1981679,.64
CHEMBL207584,3.58
CHEMBL92401,.33
CHEMBL404609,2.42
CHEMBL1625467,3.22
CHEMBL2158466,3.27
CHEMBL186513,3.6
CHEMBL2031157,.27
CHEMBL1682823,3.3
CHEMBL1319232,2.1
CHEMBL36994,.93
CHEMBL1173055,1.17
CHEMBL573214,1.41
CHEMBL246533,2.5
CHEMBL38182,1.64
CHEMBL1548889,1.97
CHEMBL232656,1.91
CHEMBL182266,2.8
CHEMBL444194,3.62
CHEMBL551984,2.39
CHEMBL2071097,1.42
CHEMBL523058,2.55
CHEMBL1201295,3.57
CHEMBL413742,3.66
CHEMBL198150,1.73
CHEMBL1934419,.25
CHEMBL210884,2.26
CHEMBL1762548,3.9
CHEMBL1631095,3.4
CHEMBL498404,2.28
CHEMBL2031561,.8
CHEMBL2089275,.7
CHEMBL605846,.79
CHEMBL2035029,2.2
CHEMBL1398535,1.7
CHEMBL424414,1.9
CHEMBL402501,2.4
CHEMBL100913,.95
CHEMBL1598315,1.23
CHEMBL226780,1.77
CHEMBL587004,2.91
CHEMBL2023265,-.2
CHEMBL2030813,-.48
CHEMBL2086658,2.8
CHEMBL1221510,3
CHEMBL2069623,3.17
CHEMBL53966,3.21
CHEMBL2062578,3.09
CHEMBL128,-.96
CHEMBL2035032,2.9
CHEMBL2010836,3
CHEMBL1829422,1.37
CHEMBL513412,2.04
CHEMBL167471,2.95
CHEMBL1766082,3.1
CHEMBL404057,3.15
CHEMBL2035040,1.3
CHEMBL402986,2.86
CHEMBL1789186,.77
CHEMBL1762543,3.7
CHEMBL380947,3.37
CHEMBL117,3.83
CHEMBL2057371,1.37
CHEMBL377136,2.2
CHEMBL361546,1.44
CHEMBL1644331,3.92
CHEMBL2031559,1.1
CHEMBL1778369,1.69
CHEMBL2172007,2.35
CHEMBL2164748,.9
CHEMBL452791,2.21
CHEMBL36,2.31
CHEMBL190243,1.64
CHEMBL1532611,2.71
CHEMBL1773254,1.67
CHEMBL1164184,3.3
CHEMBL507722,2.13
CHEMBL138649,3.6
CHEMBL275455,2.32
CHEMBL321590,1.53
CHEMBL123846,3
CHEMBL1084863,2.86
CHEMBL1180725,.2
CHEMBL1389370,3.3
CHEMBL1079486,2
CHEMBL1800656,1.92
CHEMBL151445,.4
CHEMBL561652,2.63
CHEMBL2207225,2.49
CHEMBL1313395,3.66
CHEMBL394527,3.27
CHEMBL260135,2.6
CHEMBL1796297,2.31
CHEMBL451496,2.1
CHEMBL2325696,2.8
CHEMBL2158774,3.01
CHEMBL255536,2.48
CHEMBL2206523,3.64
CHEMBL1892245,-1.31
CHEMBL1466,1.22
CHEMBL1169880,3.49
CHEMBL2164672,.9
CHEMBL2030798,-.31
CHEMBL661,1.98
CHEMBL2335894,3.05
CHEMBL511115,.76
CHEMBL2335123,2.46
CHEMBL1777822,.15
CHEMBL1236772,2.91
CHEMBL2177159,2.26
CHEMBL1950729,.87
CHEMBL2178579,2.6
CHEMBL1194608,.53
CHEMBL267744,-.84
CHEMBL1201016,1.7
CHEMBL932,3.97
CHEMBL556716,2.9
CHEMBL1945031,1.13
CHEMBL2331754,2.69
CHEMBL2170989,1.9
CHEMBL1123,3.72
CHEMBL442137,1.7
CHEMBL2171992,1.74
CHEMBL2181928,2.75
CHEMBL2164690,4.1
CHEMBL73189,2.7
CHEMBL1689117,.99
CHEMBL110147,1.84
CHEMBL2139925,4.1
CHEMBL469727,1.98
CHEMBL186526,2.65
CHEMBL1778866,2.23
CHEMBL31815,3.7
CHEMBL502,2.41
CHEMBL298700,3.3
CHEMBL1287853,2.11
CHEMBL1199988,1.85
CHEMBL2062558,2.23
CHEMBL398894,2.6
CHEMBL247471,3.1
CHEMBL1699517,1.07
CHEMBL23,1.99
CHEMBL168634,.05
CHEMBL260374,2.3
CHEMBL50608,2.2
CHEMBL2010839,1.8
CHEMBL1288009,1.82
CHEMBL1900528,-.25
CHEMBL591931,1.27
CHEMBL376291,3.1
CHEMBL223166,.9
CHEMBL1631468,1.86
CHEMBL1944689,2.3
CHEMBL1689122,.69
CHEMBL1289349,2.74
CHEMBL92840,2.15
CHEMBL360227,2.4
CHEMBL2207281,2.06
CHEMBL1762550,3.44
CHEMBL177611,.6
CHEMBL1320527,1.91
CHEMBL1414985,2.96
CHEMBL6800,1.9
CHEMBL1364572,2.91
CHEMBL1201117,.36
CHEMBL2003130,3.31
CHEMBL388525,3.39
CHEMBL1778650,.31
CHEMBL65511,1.97
CHEMBL457887,1.32
CHEMBL1255840,-.27
CHEMBL61593,2.12
CHEMBL1822878,4.3
CHEMBL1082410,3.3
CHEMBL1950849,2.64
CHEMBL22442,2.4
CHEMBL2070938,1.3
CHEMBL1778622,1.54
CHEMBL1886566,2.38
CHEMBL51583,3.1
CHEMBL101311,2.9
CHEMBL1944739,-1
CHEMBL855,1.88
CHEMBL1806525,2.8
CHEMBL559078,2.41
CHEMBL2024676,3.15
CHEMBL126048,.8
CHEMBL1917440,.03
CHEMBL502684,.2
CHEMBL1783286,3.4
CHEMBL1689114,1.01
CHEMBL1947157,3.15
CHEMBL535,2.26
CHEMBL2171033,1.5
CHEMBL490,1.78
CHEMBL178737,1.79
CHEMBL183425,3.81
CHEMBL1321641,1.51
CHEMBL93124,3.5
CHEMBL436381,1.97
CHEMBL1586531,3.1
CHEMBL228761,2.21
CHEMBL810,-1.08
CHEMBL1430414,2.35
CHEMBL189181,4.28
CHEMBL1910654,3.25
CHEMBL182380,2.86
CHEMBL341324,1.67
CHEMBL214637,2.19
CHEMBL1565348,3.7
CHEMBL552512,1.15
CHEMBL421,-.58
CHEMBL370152,2.96
CHEMBL2059872,3.1
CHEMBL1531981,1.63
CHEMBL1944652,3.86
CHEMBL168073,2.63
CHEMBL380130,3.8
CHEMBL389792,2.87
CHEMBL1770465,3.58
CHEMBL48190,1.54
CHEMBL51478,2.89
CHEMBL1224288,2.3
CHEMBL1180250,1
CHEMBL2010832,2.7
CHEMBL308538,-1.2
CHEMBL1824369,2.34
CHEMBL2011928,3.28
CHEMBL471412,3.86
CHEMBL1306424,3.6
CHEMBL1762547,3.8
CHEMBL215275,2.12
CHEMBL355236,2.8
CHEMBL211265,2.46
CHEMBL1946615,2.12
CHEMBL2171215,2.13
CHEMBL571526,2.72
CHEMBL1738748,2.42
CHEMBL575099,3.22
CHEMBL459219,1.21
CHEMBL2068817,3
CHEMBL1891338,3.7
CHEMBL560219,3.36
CHEMBL1934426,1.23
CHEMBL1829442,4.14
CHEMBL396724,3.27
CHEMBL2164747,.37
CHEMBL14474,2.09
CHEMBL384684,3.1
CHEMBL147507,.6
CHEMBL93484,-.8
CHEMBL384699,3.4
CHEMBL1213082,2.6
CHEMBL578723,1
CHEMBL214350,1.27
CHEMBL1682950,2.66
CHEMBL960,3.9
CHEMBL1079324,4.12
CHEMBL1090173,1.85
CHEMBL413558,3.12
CHEMBL2336329,1.26
CHEMBL2011927,1.55
CHEMBL2011937,.25
CHEMBL1933594,1.42
CHEMBL495727,2.3
CHEMBL2059865,3.01
CHEMBL1770733,1.91
CHEMBL443,-.56
CHEMBL388337,2
CHEMBL2030815,-.22
CHEMBL2086653,3.4
CHEMBL1214827,2.5
CHEMBL20403,3.52
CHEMBL320777,1.98
CHEMBL1650697,1.79
CHEMBL481230,3.2
CHEMBL102726,3.21
CHEMBL1704514,2.47
CHEMBL1472545,3.2
CHEMBL1096435,3.86
CHEMBL13485,2.75
CHEMBL1081913,3
CHEMBL73048,2.08
CHEMBL1079,.71
CHEMBL1917459,-.29
CHEMBL2030799,-.04
CHEMBL167597,3.1
CHEMBL1951164,1.1
CHEMBL549635,3.04
CHEMBL2010841,2.1
CHEMBL941,2.5
CHEMBL401158,3.07
CHEMBL1950861,-.55
CHEMBL23588,2.01
CHEMBL1689118,.31
CHEMBL2207280,3.93
CHEMBL378405,3.32
CHEMBL2171038,1.71
CHEMBL1762534,3.37
CHEMBL1168,-.41
CHEMBL1775161,1.19
CHEMBL366255,2.83
CHEMBL249966,.75
CHEMBL402542,1.81
CHEMBL383723,2.71
CHEMBL2153176,2.85
CHEMBL1576801,3.43
CHEMBL1809207,3.1
CHEMBL484738,1.6
CHEMBL2348642,1.9
CHEMBL2036774,3.32
CHEMBL1829270,1.38
CHEMBL1221607,.91
CHEMBL12,2.69
CHEMBL2087847,3.62
CHEMBL278623,1
CHEMBL327027,3.8
CHEMBL861,1.59
CHEMBL2164741,.45
CHEMBL344319,1.05
CHEMBL481205,2.24
CHEMBL214798,2.72
CHEMBL305406,4.1
CHEMBL1312599,4.38
CHEMBL1631466,1.85
CHEMBL192894,3.37
CHEMBL1175,2.09
CHEMBL44245,3
CHEMBL472258,3.02
CHEMBL235821,1.4
CHEMBL2335886,3.1
CHEMBL1774056,3.11
CHEMBL232627,.67
CHEMBL325226,3.5
CHEMBL300664,2.92
CHEMBL110941,2.45
CHEMBL1575581,2.23
CHEMBL1340091,1.97
CHEMBL1709618,1.5
CHEMBL573287,3.51
CHEMBL1908856,2.56
CHEMBL2153175,3.36
CHEMBL155103,1.2
CHEMBL301018,3.67
CHEMBL1778612,-.69
CHEMBL2177110,.7
CHEMBL13589,1.4
CHEMBL520734,1.06
CHEMBL954,4.09
CHEMBL1077979,1.64
CHEMBL1967560,2.75
CHEMBL108939,1.5
CHEMBL1289717,1.6
CHEMBL178397,3.8
CHEMBL1290108,3.47
CHEMBL2179276,.93
CHEMBL778,2.79
CHEMBL1946617,1.89
CHEMBL327502,3.02
CHEMBL1829261,1.33
CHEMBL2326864,-.82
CHEMBL400964,2.11
CHEMBL460102,2.16
CHEMBL2036581,3.2
CHEMBL322722,2.41
CHEMBL2208425,3.33
CHEMBL2031158,.51
CHEMBL2059376,2.21
CHEMBL420055,.9
CHEMBL60088,.74
CHEMBL2030006,2.34
CHEMBL2110579,2.1
CHEMBL1421,3.41
CHEMBL324875,2.07
CHEMBL134074,4.2
CHEMBL1718768,2.1
CHEMBL266094,1.53
CHEMBL452464,2.8
CHEMBL1951011,3.7
CHEMBL203567,1.91
CHEMBL1829408,2.72
CHEMBL325873,1.2
CHEMBL1020,-1.02
CHEMBL300846,2
CHEMBL2335889,3.04
CHEMBL206200,2.18
CHEMBL1818381,.22
CHEMBL1257578,2.44
CHEMBL257269,3.36
CHEMBL224013,3.1
CHEMBL1087398,3.45
CHEMBL1951074,-1.04
CHEMBL268362,1.8
CHEMBL2062580,2.94
CHEMBL2151325,2.55
CHEMBL187709,3.98
CHEMBL2331743,1.96
CHEMBL2012863,2.48
CHEMBL336619,4.05
CHEMBL1458783,1.75
CHEMBL324465,2.73
CHEMBL519779,3.4
CHEMBL261237,3.3
CHEMBL191083,-.88
CHEMBL1682944,3.25
CHEMBL423,.63
CHEMBL1784366,1.5
CHEMBL379828,1.16
CHEMBL1807858,2.16
CHEMBL1916546,.68
CHEMBL100539,4.21
CHEMBL1741329,2.87
CHEMBL341161,2.61
CHEMBL115,2.9
CHEMBL2158829,1.99
CHEMBL1824364,3.2
CHEMBL112,.25
CHEMBL1386638,3.69
CHEMBL2177601,.8
CHEMBL2078812,2.18
CHEMBL1778625,.29
CHEMBL254361,1
CHEMBL92172,2.25
CHEMBL1571801,2.12
CHEMBL1916540,1.72
CHEMBL2062559,2.88
CHEMBL1778636,-.25
CHEMBL1916263,2.51
CHEMBL1888044,2.41
CHEMBL385049,1.96
CHEMBL16293,3.29
CHEMBL2325986,2.17
CHEMBL1824045,2.19
CHEMBL1829424,2.06
CHEMBL1669170,3.4
CHEMBL1389402,1.53
CHEMBL1539253,4.24
CHEMBL401874,4.3
CHEMBL110599,3.07
CHEMBL455651,3.31
CHEMBL291514,3.3
CHEMBL460087,1.22
CHEMBL1441229,3
CHEMBL2164683,3.03
CHEMBL1187646,1.5
CHEMBL2325702,2
CHEMBL1599839,3.3
CHEMBL1950856,2.92
CHEMBL114123,2.5
CHEMBL275742,1.13
CHEMBL280916,.84
CHEMBL1313164,3.38
CHEMBL2178948,1.3
CHEMBL2336326,2.49
CHEMBL592374,1.96
CHEMBL2031233,2.17
CHEMBL1289283,2
CHEMBL1461377,3.15
CHEMBL1824035,.15
CHEMBL563545,2.07
CHEMBL2171277,3.9
CHEMBL2158773,2.84
CHEMBL1852508,.57
CHEMBL2158470,3.2
CHEMBL2207599,-.8
CHEMBL2346970,3.5
CHEMBL2207276,2.42
CHEMBL2062569,2.66
CHEMBL183406,3.4
CHEMBL2059195,.58
CHEMBL1464754,3.78
CHEMBL1951072,1.95
CHEMBL121889,1.98
CHEMBL62993,2.7
CHEMBL176219,3.37
CHEMBL577241,3.3
CHEMBL2170992,2.5
CHEMBL437526,1.16
CHEMBL2153178,2.27
CHEMBL2179283,1.99
CHEMBL499,-.22
CHEMBL320882,3.38
CHEMBL452,3.72
CHEMBL376055,.75
CHEMBL511782,2.55
CHEMBL1950848,2.51
CHEMBL403672,3.01
CHEMBL1783279,3.26
CHEMBL597803,2.8
CHEMBL2030439,1.59
CHEMBL2031162,-.63
CHEMBL2158817,1.71
CHEMBL382565,2.7
CHEMBL1503415,.96
CHEMBL93354,.99
CHEMBL2171026,1.53
CHEMBL2338020,2.3
CHEMBL342357,3.1
CHEMBL2325642,1
CHEMBL426658,4.3
CHEMBL2086652,2.8
CHEMBL25236,3.53
CHEMBL141157,1.75
CHEMBL2325698,3
CHEMBL460103,2.36
CHEMBL178457,2.67
CHEMBL484663,3.3
CHEMBL2010842,2.85
CHEMBL233034,2.4
CHEMBL561,-1.1
CHEMBL13311,1.4
CHEMBL602745,4
CHEMBL46,1.67
CHEMBL229948,2.49
CHEMBL267044,-.84
CHEMBL1270874,2.9
CHEMBL1880028,2.03
CHEMBL179128,1.25
CHEMBL87785,4.35
CHEMBL477786,1.69
CHEMBL2036778,1.6
CHEMBL118,3.42
CHEMBL279200,.68
CHEMBL1934267,.97
CHEMBL407,1.1
CHEMBL62,2.5
CHEMBL1513,1.29
CHEMBL402561,3.4
CHEMBL244183,3.17
CHEMBL66761,2.8
CHEMBL1721885,2.22
CHEMBL1539037,1.4
CHEMBL2178369,2
CHEMBL2010847,3
CHEMBL298019,4.42
CHEMBL1257015,1.23
CHEMBL452021,1.16
CHEMBL2347404,3.2
CHEMBL2171044,1.81
CHEMBL1891277,3.6
CHEMBL1078411,1.3
CHEMBL2153189,1.6
CHEMBL109514,3
CHEMBL135386,3.8
CHEMBL287726,.52
CHEMBL1949859,1.5
CHEMBL191528,2.2
CHEMBL381724,2.7
CHEMBL190,-.09
CHEMBL485240,3.37
CHEMBL300940,2.1
CHEMBL2207217,4.13
CHEMBL1807825,.41
CHEMBL477567,2.57
CHEMBL1071,1.2
CHEMBL402507,4.14
CHEMBL2172002,2.3
CHEMBL1775179,3
CHEMBL208118,3.44
CHEMBL117711,1.57
CHEMBL1770476,4.31
CHEMBL184189,2.74
CHEMBL2323239,3.95
CHEMBL2086680,2.81
CHEMBL2078762,.61
CHEMBL1282,2.52
CHEMBL2059862,2.67
CHEMBL15770,-.01
CHEMBL13030,.17
CHEMBL1800472,1.21
CHEMBL107367,3.5
CHEMBL570,3.59
CHEMBL2087861,4.13
CHEMBL1409708,1.7
CHEMBL1269107,2.73
CHEMBL452529,.64
CHEMBL1287979,1.82
CHEMBL637,.99
CHEMBL402208,1.18
CHEMBL172714,-.28
CHEMBL455467,2.1
CHEMBL112994,2.22
CHEMBL1809221,2.3
CHEMBL226960,1.3
CHEMBL1346,2.79
CHEMBL1829250,1.69
CHEMBL1789187,-.49
CHEMBL214304,1.78
CHEMBL1241,1.28
CHEMBL1236962,2.5
CHEMBL2171039,1.93
CHEMBL429,1.06
CHEMBL86,.34
CHEMBL113014,2.15
CHEMBL139,1.08
CHEMBL1944694,.8
CHEMBL1881943,2.36
CHEMBL1441,1.52
CHEMBL561771,4.29
CHEMBL1472189,2.9
CHEMBL56942,2.14
CHEMBL1078983,3.25
CHEMBL2346975,2.2
CHEMBL551707,3.08
CHEMBL1917424,2.51
CHEMBL1519083,.68
CHEMBL455428,2.95
CHEMBL268313,3.3
CHEMBL383669,3.8
CHEMBL1359240,.8
CHEMBL1486510,3.5
CHEMBL466006,3.71
CHEMBL1923435,3.1
CHEMBL1288278,.28
CHEMBL1477,1.72
CHEMBL50973,2.56
CHEMBL2349339,3.8
CHEMBL508739,2.86
CHEMBL129814,2.2
CHEMBL1824375,1.59
CHEMBL807,.06
CHEMBL2165060,1.25
CHEMBL1209511,3.52
CHEMBL1586302,2.08
CHEMBL12132,.5
CHEMBL1938680,2.4
CHEMBL802,.77
CHEMBL2035033,2
CHEMBL322318,2.35
CHEMBL1448393,2.43
CHEMBL517859,2.17
CHEMBL388474,2
CHEMBL1868114,3.4
CHEMBL152676,.14
CHEMBL27759,1.26
CHEMBL2171047,2.2
CHEMBL2078754,3.35
CHEMBL570002,1.96
CHEMBL1950857,2.05
CHEMBL109205,2.87
CHEMBL1497909,3.5
CHEMBL57758,3.28
CHEMBL427486,.7
CHEMBL334167,.3
CHEMBL1807815,.79
CHEMBL320971,1.44
CHEMBL1945291,1.52
CHEMBL397192,2.86
CHEMBL1718800,3.5
CHEMBL1917442,1.71
CHEMBL59438,3.1
CHEMBL2087622,4.34
CHEMBL2165057,.51
CHEMBL1951898,2.86
CHEMBL1224069,1.71
CHEMBL236779,2.52
CHEMBL1363,.42
CHEMBL234952,3.4
CHEMBL189963,.8
CHEMBL1682947,3.14
CHEMBL2349321,4.2
CHEMBL2036577,2.51
CHEMBL359810,2.76
CHEMBL750,.55
CHEMBL555013,3.28
CHEMBL327504,3.5
CHEMBL304087,3.6
CHEMBL11348,3.3
CHEMBL2024524,2.81
CHEMBL2171035,2.59
CHEMBL7728,1.5
CHEMBL1760039,3.41
CHEMBL219916,3.45
CHEMBL320876,.91
CHEMBL1255978,2.8
CHEMBL9,-.87
CHEMBL1951165,1.6
CHEMBL117869,.66
CHEMBL48082,1.68
CHEMBL2177607,1.5
CHEMBL279416,.3
CHEMBL1829251,2.15
CHEMBL376632,2.5
CHEMBL2177603,1.15
CHEMBL2035026,2
CHEMBL488085,2.45
CHEMBL207100,1.74
CHEMBL49722,.42
CHEMBL563886,2.6
CHEMBL487066,3.06
CHEMBL2086677,3.8
CHEMBL179701,2.64
CHEMBL1683037,2.57
CHEMBL2208435,3.28
CHEMBL1086473,4.17
CHEMBL484304,.87
CHEMBL1824377,1.56
CHEMBL2086682,3.7
CHEMBL2094588,2.62
CHEMBL2087433,.3
CHEMBL1916270,.8
CHEMBL2331738,2.32
CHEMBL1525826,-.65
CHEMBL1288103,2.76
CHEMBL1917449,.4
CHEMBL2153303,2.33
CHEMBL1197102,2.6
CHEMBL1351138,1.55
CHEMBL1324,.74
CHEMBL1779008,1.5
CHEMBL1917454,1.26
CHEMBL2018969,2.09
CHEMBL1762178,2.93
CHEMBL1916536,1.78
CHEMBL1809202,3.1
CHEMBL436826,4.25
CHEMBL1231,3.65
CHEMBL405790,4.15
CHEMBL2011943,3.13
CHEMBL797,.68
CHEMBL380979,2.8
CHEMBL1631889,4.31
CHEMBL1411716,3.49
CHEMBL140689,2.7
CHEMBL473,.6
CHEMBL1016,.3
CHEMBL2036751,1.94
CHEMBL441550,2.55
CHEMBL112880,2.26
CHEMBL206266,2.32
CHEMBL2059377,2.62
CHEMBL1778646,-.43
CHEMBL2153302,2.81
CHEMBL487622,.7
CHEMBL2086655,3.1
CHEMBL1418939,3.1
CHEMBL522892,3.45
CHEMBL2062577,2.9
CHEMBL363462,3.5
CHEMBL1412475,1.4
CHEMBL567508,1.84
CHEMBL1289465,2.7
CHEMBL1426965,3.29
CHEMBL181326,3.37
CHEMBL184012,3.47
CHEMBL188705,3.71
CHEMBL212689,2.2
CHEMBL221118,2.8
CHEMBL218628,1.77
CHEMBL1471720,0
CHEMBL578235,2.34
CHEMBL192,2.8
CHEMBL247479,3.6
CHEMBL682,2.9
CHEMBL110855,2.45
CHEMBL2036568,3.6
CHEMBL181,1.05
CHEMBL1652621,2.36
CHEMBL2331745,2.73
CHEMBL2181926,2.63
CHEMBL1352372,2.08
CHEMBL2069421,4.3
CHEMBL192666,2.9
CHEMBL277863,2.05
CHEMBL1393651,3.1
CHEMBL503605,1.65
CHEMBL2316396,4.4
CHEMBL578675,2.01
CHEMBL1800659,3
CHEMBL84158,-.9
CHEMBL1784354,1.07
CHEMBL244521,3.6
CHEMBL228739,3.5
CHEMBL204772,1.34
CHEMBL1951073,1.97
CHEMBL190354,2
CHEMBL295135,1.85
CHEMBL382435,2.71
CHEMBL2165059,.81
CHEMBL425518,2.35
CHEMBL1231533,2.8
CHEMBL2335504,3.17
CHEMBL1778617,-.16
CHEMBL2208431,3.69
CHEMBL112924,1.13
CHEMBL1456,2.26
CHEMBL1186433,-.28
CHEMBL1460615,1.4
CHEMBL128637,1.62
CHEMBL1893999,2.8
CHEMBL191003,1.87
CHEMBL1458292,4.13
CHEMBL1461445,2.89
CHEMBL2030957,.16
CHEMBL1916278,.16
CHEMBL1809222,4.2
CHEMBL2158781,1.81
CHEMBL1573297,2.34
CHEMBL2089279,.4
CHEMBL2153177,1.63
CHEMBL897,.03
CHEMBL418841,1.78
CHEMBL415,3.36
CHEMBL469728,2.18
CHEMBL177756,0
CHEMBL324519,.73
CHEMBL1201212,-.71
CHEMBL2031234,1.5
CHEMBL2336318,2.6
CHEMBL75435,-.06
CHEMBL2031237,2.11
CHEMBL454648,3.14
CHEMBL51776,2.67
CHEMBL1917458,.29
CHEMBL1736016,2.93
CHEMBL2325733,2.2
CHEMBL1180257,.6
CHEMBL2036732,3.3
CHEMBL1835906,2.7
CHEMBL2178947,1.5
CHEMBL1779512,1.44
CHEMBL201800,3.1
CHEMBL2010830,2.9
CHEMBL2312113,4.3
CHEMBL1448605,3.63
CHEMBL1778637,-.52
CHEMBL234524,1.8
CHEMBL1451838,-.38
CHEMBL2321995,3.32
CHEMBL366205,3.85
CHEMBL2011923,2.14
CHEMBL274737,3.27
CHEMBL1916289,2.35
CHEMBL370387,2.5
CHEMBL558,.62
CHEMBL403296,2.59
CHEMBL1343875,4.19
CHEMBL434063,2.15
CHEMBL102047,1.58
CHEMBL2335884,2.66
CHEMBL8,-.96
CHEMBL319136,3.6
CHEMBL2165058,1.05
CHEMBL549,1.56
CHEMBL1950859,1.54
CHEMBL413065,2.55
CHEMBL2011931,1.71
CHEMBL218490,.27
CHEMBL1783280,2.83
CHEMBL1255834,.48
CHEMBL436281,.75
CHEMBL1809194,3.7
CHEMBL211866,1.38
CHEMBL831,3.24
CHEMBL2207596,-.27
CHEMBL1994944,1.61
CHEMBL126224,2.96
CHEMBL242341,3.05
CHEMBL1431859,1.13
CHEMBL578061,4.06
CHEMBL289330,1.2
CHEMBL1824029,.25
CHEMBL494480,.54
CHEMBL317629,2.5
CHEMBL1568309,1
CHEMBL393384,1.83
CHEMBL2048868,1.27
CHEMBL1429296,3.74
CHEMBL402011,2.89
CHEMBL227148,1.2
CHEMBL2059868,2.87
CHEMBL1570112,3.5
CHEMBL2011895,2.56
CHEMBL1917425,2.15
CHEMBL44326,3.7
CHEMBL341175,2.52
CHEMBL1224142,1.6
CHEMBL1374738,-.12
CHEMBL1917443,-.08
CHEMBL224769,3.52
CHEMBL1796300,.76
CHEMBL206229,4.42
CHEMBL49,2.19
CHEMBL12315,1.6
CHEMBL447983,1.7
CHEMBL2030402,2.01
CHEMBL1950847,.78
CHEMBL1809055,3.4
CHEMBL2335880,2.39
CHEMBL509406,2.41
CHEMBL2178943,1.8
CHEMBL462192,2.02
CHEMBL271013,3.12
CHEMBL327151,3.4
CHEMBL2086694,2.85
CHEMBL370552,2.98
CHEMBL24137,3.4
CHEMBL2171021,3.33
CHEMBL192307,3.82
CHEMBL399510,.54
CHEMBL2036743,1.5
CHEMBL1818328,1.4
CHEMBL2086478,2.25
CHEMBL1779003,2.29
CHEMBL32800,-.06
CHEMBL257478,3.85
CHEMBL2208427,3.12
CHEMBL2011918,2.91
CHEMBL2,1.9
CHEMBL1478592,2.13
CHEMBL1199945,3.4
CHEMBL14642,2.51
CHEMBL1951899,1.8
CHEMBL459236,3.89
CHEMBL448474,3.16
CHEMBL249295,3.2
CHEMBL455427,2.8
CHEMBL2059378,1.65
CHEMBL564,2.56
CHEMBL2158780,2.53
CHEMBL1200147,3.2
CHEMBL418226,1.7
CHEMBL2216839,4.01
CHEMBL507177,2.24
CHEMBL290663,1.33
CHEMBL471578,2.72
CHEMBL224399,2.7
CHEMBL2207805,4
CHEMBL1831214,2.43
CHEMBL114868,2.43
CHEMBL1314022,-.91
CHEMBL1829428,-.04
CHEMBL1835919,-.5
CHEMBL244184,3.56
CHEMBL489514,2.3
CHEMBL1956129,2.4
CHEMBL9967,-.49
CHEMBL2171989,1.79
CHEMBL1337984,3.1
CHEMBL2206788,3.5
CHEMBL1946027,2.65
CHEMBL1807852,1.66
CHEMBL2364611,1.71
CHEMBL1493,3.42
CHEMBL1916260,.69
CHEMBL383235,2.99
CHEMBL6549,1.78
CHEMBL456,.02
CHEMBL1180254,1.1
CHEMBL479,3.76
CHEMBL1933588,-.06
CHEMBL253741,3.07
CHEMBL2179290,3.38
CHEMBL1773,.67
CHEMBL476578,3.3
CHEMBL2179271,.22
CHEMBL2144380,3.16
CHEMBL2030440,1.94
CHEMBL2010853,2.2
CHEMBL2036777,1.92
CHEMBL1076330,2.69
CHEMBL214849,1.28
CHEMBL437501,3.24
CHEMBL181913,2.3
CHEMBL2086660,3.6
CHEMBL1223528,2.13
CHEMBL2030807,-.15
CHEMBL1829429,-.14
CHEMBL11032,2.15
CHEMBL184817,.6
CHEMBL1388277,3.31
CHEMBL6412,1.74
CHEMBL1945037,1.11
CHEMBL110940,2.74
CHEMBL403225,3.53
CHEMBL20969,.54
CHEMBL495841,2.2
CHEMBL180155,3.1
CHEMBL385723,1.62
CHEMBL186720,2.53
CHEMBL1191,-1.33
CHEMBL412142,3.86
CHEMBL2059860,2.81
CHEMBL261713,3.23
CHEMBL231450,.74
CHEMBL193093,2.23
CHEMBL450061,2.79
CHEMBL1223456,2.86
CHEMBL1209656,2.84
CHEMBL2178284,2.87
CHEMBL2171015,2.14
CHEMBL339851,3.07
CHEMBL550436,3.49
CHEMBL1916538,.5
CHEMBL266128,1.26
CHEMBL2059380,2.91
CHEMBL257006,3.22
CHEMBL1573309,2.7
CHEMBL1618018,-1.29
CHEMBL146855,.6
CHEMBL340978,1.3
CHEMBL593196,3.6
CHEMBL605114,1.5
CHEMBL572016,3.3
CHEMBL134194,3.29
CHEMBL470916,2.25
CHEMBL1778868,1.61
CHEMBL256985,1.14
CHEMBL561426,2.98
CHEMBL595134,3.22
CHEMBL489340,2.95
CHEMBL1783275,3.77
CHEMBL445565,1.52
CHEMBL2335895,3.1
CHEMBL380005,1.88
CHEMBL2036587,2.9
CHEMBL1381989,1.29
CHEMBL1200374,2.98
CHEMBL468970,3.25
CHEMBL1079590,3.72
CHEMBL487273,1.27
CHEMBL278078,1
CHEMBL467399,1.67
CHEMBL573108,2.32
CHEMBL1950843,2.34
CHEMBL1223458,2.29
CHEMBL486504,1.81
CHEMBL475817,3.26
CHEMBL698,2.11
CHEMBL17860,.48
CHEMBL1916287,.4
CHEMBL1917456,-.98
CHEMBL1078979,1.48
CHEMBL1829246,1.81
CHEMBL270995,3.19
CHEMBL2346968,3.46
CHEMBL131842,.89
CHEMBL339898,1.9
CHEMBL472151,2.7
CHEMBL1219,-.69
CHEMBL2207282,2.17
CHEMBL2140153,3.84
CHEMBL267144,2.03
CHEMBL170307,1.78
CHEMBL14121,2.93
CHEMBL57990,2.9
CHEMBL1835911,2.5
CHEMBL1475,3.47
CHEMBL2036758,1.62
CHEMBL1272,2.31
CHEMBL1668935,2.7
CHEMBL1721722,1.97
CHEMBL1917432,.58
CHEMBL2325738,2.5
CHEMBL1385850,-1.08
CHEMBL71,3.37
CHEMBL1172929,1.69
CHEMBL2325704,2.2
CHEMBL2178940,1.4
CHEMBL479447,1.71
CHEMBL570015,2.69
CHEMBL179242,2.78
CHEMBL1439795,1.3
CHEMBL1669159,3
CHEMBL112866,2.82
CHEMBL523829,.92
CHEMBL1950732,2.12
CHEMBL81324,1.94
CHEMBL1682814,2.4
CHEMBL2031464,2.25
CHEMBL2035021,2.8
CHEMBL1302851,4.13
CHEMBL2088101,2.8
CHEMBL454,1.48
CHEMBL2312487,1.81
CHEMBL2335888,2.88
CHEMBL1916277,1.94
CHEMBL218468,1.95
CHEMBL1945040,.15
CHEMBL306835,2.1
CHEMBL1289110,1.33
CHEMBL255130,1.42
CHEMBL2163581,1.5
CHEMBL480825,2.9
CHEMBL1489611,3
CHEMBL1809197,3.2
CHEMBL2031160,.33
CHEMBL2088096,3.1
CHEMBL2030449,.85
CHEMBL261849,2.27
CHEMBL349803,-.94
CHEMBL53366,1.79
CHEMBL1297,.71
CHEMBL1917435,-.89
CHEMBL198750,4.1
CHEMBL2335879,2.01
CHEMBL1307677,1.94
CHEMBL1809201,3.4
CHEMBL1181881,1.77
CHEMBL442995,3.8
CHEMBL453655,3
CHEMBL399539,3.77
CHEMBL1779016,3.2
CHEMBL314566,3.58
CHEMBL17370,2.97
CHEMBL32,-.18
CHEMBL1683030,2.63
CHEMBL1423809,2.8
CHEMBL1257457,1.92
CHEMBL1650734,2.61
CHEMBL481312,1.1
CHEMBL260200,1.53
CHEMBL107,.82
CHEMBL244522,4.3
CHEMBL1683689,3.05
CHEMBL2171022,1.09
CHEMBL1916535,1.04
CHEMBL445,1.58
CHEMBL639,2.46
CHEMBL1170522,1
CHEMBL119247,3.2
CHEMBL186791,3.2
CHEMBL99948,2.6
CHEMBL1735467,2.38
CHEMBL403569,3.62
CHEMBL347164,.2
CHEMBL216105,2.59
CHEMBL325245,3.29
CHEMBL1221551,3.53
CHEMBL7568,2.17
CHEMBL1705098,4.3
CHEMBL1682808,2.4
CHEMBL108667,2.8
CHEMBL817,.01
CHEMBL32571,2.6
CHEMBL1721725,2.33
CHEMBL403656,3.32
CHEMBL16687,3.98
CHEMBL1916533,1.78
CHEMBL968,2.38
CHEMBL2035027,3.6
CHEMBL2338347,2.58
CHEMBL1917434,1.61
CHEMBL217904,3.14
CHEMBL1144,-.76
CHEMBL2208423,3.48
CHEMBL227198,1.1
CHEMBL572823,3.19
CHEMBL300663,2.67
CHEMBL1718354,2
CHEMBL2164684,2.99
CHEMBL475387,2.15
CHEMBL1829416,2.56
CHEMBL2086672,3.7
CHEMBL728,3.92
CHEMBL2325984,4.1
CHEMBL2048500,2.42
CHEMBL1645495,3.46
CHEMBL1162395,2.2
CHEMBL1783246,3.8
CHEMBL81624,1.6
CHEMBL124660,2.6
CHEMBL570135,2.57
CHEMBL50347,2.9
CHEMBL2207663,2.37
CHEMBL2177610,2.99
CHEMBL1778621,-.87
CHEMBL1255781,2
CHEMBL560739,3.56
CHEMBL362902,2.2
CHEMBL1289779,2.52
CHEMBL1778618,-1.08
CHEMBL2030436,2.06
CHEMBL1089168,3.8
CHEMBL337962,3.97
CHEMBL2325985,4.1
CHEMBL1438047,1.67
CHEMBL71936,3.22
CHEMBL2349329,3.9
CHEMBL2364624,3.8
CHEMBL22,.63
CHEMBL1223817,-.07
CHEMBL1944691,1.06
CHEMBL1896341,2.9
CHEMBL2325990,1
CHEMBL1000,1.27
CHEMBL2086686,2.3
CHEMBL2010833,3
CHEMBL2163590,3.1
CHEMBL1698932,-.21
CHEMBL1881806,.74
CHEMBL1467518,1.72
CHEMBL2031241,2.56
CHEMBL467803,4.48
CHEMBL643,2.67
CHEMBL1083637,3.29
CHEMBL1789328,.91
CHEMBL2140607,.6
CHEMBL574413,3.27
CHEMBL2158785,2.19
CHEMBL625,2.35
CHEMBL1952100,2.6
CHEMBL257659,3.55
CHEMBL1764,2.99
CHEMBL127066,2.46
CHEMBL469008,3.2
CHEMBL57759,3.26
CHEMBL1184584,.7
CHEMBL327693,2.62
CHEMBL397162,1.59
CHEMBL178835,1.91
CHEMBL362962,.9
CHEMBL214848,1.94
CHEMBL231835,3.3
CHEMBL1184160,2.8
CHEMBL1809060,3
CHEMBL114500,1.73
CHEMBL2158790,2.98
CHEMBL2036731,3.1
CHEMBL163711,3.07
CHEMBL245180,3.7
CHEMBL85752,4.36
CHEMBL325713,.96
CHEMBL1940308,1
CHEMBL521407,3.23
CHEMBL1945289,.86
CHEMBL1950850,2.39
CHEMBL26456,1.1
CHEMBL2326470,-.12
CHEMBL199118,3.61
CHEMBL2316381,4.2
CHEMBL1428115,2.1
CHEMBL1950723,1.9
CHEMBL225364,2.93
CHEMBL2062579,2.49
CHEMBL294286,3.2
CHEMBL245908,.93
CHEMBL64941,3.8
CHEMBL380648,.1
CHEMBL2087858,3.33
CHEMBL1587607,2.58
CHEMBL179858,3.5
CHEMBL2335903,3.17
CHEMBL2042442,2.21
CHEMBL2326476,2.66
CHEMBL1784346,2.1
CHEMBL325093,1.69
CHEMBL89786,4
CHEMBL2164673,.9
CHEMBL279250,1.79
CHEMBL341876,.61
CHEMBL1783112,1.6
CHEMBL2169920,2.23
CHEMBL1082983,2.37
CHEMBL397237,3.29
CHEMBL1209820,3.32
CHEMBL282625,2.2
CHEMBL2158816,2.6
CHEMBL260488,.69
CHEMBL2144949,1.69
CHEMBL1957851,2.8
CHEMBL2205493,1.05
CHEMBL168418,3
CHEMBL474830,2
CHEMBL1715438,1.1
CHEMBL1762542,2.2
CHEMBL1209657,3.98
CHEMBL360106,4.1
CHEMBL196516,2.97
CHEMBL2335907,2.73
CHEMBL84597,3.97
CHEMBL387675,-.94
CHEMBL1088030,2.68
CHEMBL258176,1.44
CHEMBL723,3.27
CHEMBL2035017,3.6
CHEMBL2177605,1.33
CHEMBL606052,2.99
CHEMBL91023,3.93
CHEMBL513909,3.14
CHEMBL113690,2.39
CHEMBL598191,1.16
CHEMBL207881,2.1
CHEMBL274713,3.87
CHEMBL488937,2.78
CHEMBL185328,3.1
CHEMBL1083942,1.79
CHEMBL2171017,3.74
CHEMBL1945041,1.85
CHEMBL1419,3.6
CHEMBL2088100,3.56
CHEMBL1223951,1.76
CHEMBL84803,3.5
CHEMBL497854,3.43
CHEMBL404422,1.5
CHEMBL377772,2.64
CHEMBL93173,3.5
CHEMBL2022881,1.52
CHEMBL194102,2.7
CHEMBL233658,3.64
CHEMBL402548,2
CHEMBL1951909,1.25
CHEMBL148313,2.82
CHEMBL1289466,2.63
CHEMBL1800658,2.33
CHEMBL822,2.83
CHEMBL1620331,2.65
CHEMBL2164679,3.1
CHEMBL2098183,3.2
CHEMBL274567,1.86
CHEMBL2062585,-.87
CHEMBL179993,3.7
CHEMBL1213118,3.09
CHEMBL2321985,1.81
CHEMBL2335866,3.14
CHEMBL1630742,.6
CHEMBL496942,2.5
CHEMBL130902,3.5
CHEMBL113,-.03
CHEMBL407848,3.21
CHEMBL317378,2.1
CHEMBL560423,.26
CHEMBL31354,3
CHEMBL223402,4
CHEMBL2179273,.6
CHEMBL374656,3.1
CHEMBL309222,-.13
CHEMBL429682,.92
CHEMBL2178370,1.4
CHEMBL496483,4.11
CHEMBL550637,2.12
CHEMBL650,2.12
CHEMBL1087268,2.9
CHEMBL1269858,3.23
CHEMBL202626,3.8
CHEMBL237891,2.1
CHEMBL1567398,3.6
CHEMBL1580660,2.11
CHEMBL480057,3.4
CHEMBL1080786,1.5
CHEMBL424451,3.96
CHEMBL2179287,3.04
CHEMBL1824363,3.07
CHEMBL2335906,2.49
CHEMBL1681799,3.3
CHEMBL2207661,3.15
CHEMBL2062774,4.23
CHEMBL1829257,.02
CHEMBL1933592,1.42
CHEMBL1944690,1.63
CHEMBL419951,3.55
CHEMBL524645,3.33
CHEMBL1950727,2.01
CHEMBL463978,.57
CHEMBL103482,.9
CHEMBL1762538,3.3
CHEMBL54976,-1.08
CHEMBL73303,2.7
CHEMBL1951079,-.87
CHEMBL1643203,1.15
CHEMBL2069929,1.2
CHEMBL2069324,3.5
CHEMBL2012857,3.18
CHEMBL363160,3.31
CHEMBL455429,3.14
CHEMBL586058,2.7
CHEMBL1720835,2.9
CHEMBL1823817,1.46
CHEMBL336546,1.8
CHEMBL1201391,1.55
CHEMBL1223816,1.55
CHEMBL81,4.13
CHEMBL2158822,2.83
CHEMBL182682,3.4
CHEMBL255244,1.2
CHEMBL1829430,1.61
CHEMBL1454596,1.32
CHEMBL1113,2.28
CHEMBL528724,.7
CHEMBL2158051,1.82
CHEMBL551060,2
CHEMBL1619466,3.3
CHEMBL2158771,2.17
CHEMBL51697,2.11
CHEMBL67860,2.85
CHEMBL38576,3.42
CHEMBL118973,3.8
CHEMBL1645496,2.27
CHEMBL1164729,.94
CHEMBL1945042,.69
CHEMBL235753,2.5
CHEMBL257553,2.97
CHEMBL335749,3.02
CHEMBL1397672,3.68
CHEMBL1785015,3.2
CHEMBL1682826,3.1
CHEMBL1783271,3.47
CHEMBL2036775,2.77
CHEMBL1950853,1.47
CHEMBL510436,2.74
CHEMBL2158838,2.86
CHEMBL59925,.85
CHEMBL2325697,2.7
CHEMBL2346969,3.6
CHEMBL124842,1.93
CHEMBL1963131,1.72
CHEMBL2325729,2.4
CHEMBL1857945,4.5
CHEMBL1522360,1.34
CHEMBL295467,.22
CHEMBL249584,4.06
CHEMBL352576,2.5
CHEMBL1946028,2.52
CHEMBL393717,1.77
CHEMBL2036572,2.4
CHEMBL1628227,2.15
CHEMBL14762,3.63
CHEMBL268263,.9
CHEMBL335550,3.88
CHEMBL1972466,3.6
CHEMBL87266,1.35
CHEMBL429023,3.57
CHEMBL242541,2.64
CHEMBL402146,3.31
CHEMBL74399,3.66
CHEMBL1779009,1.1
CHEMBL1596993,1.2
CHEMBL2325993,1.4
CHEMBL403702,3.5
CHEMBL2023483,3.78
CHEMBL456801,3.39
CHEMBL2177612,1.03
CHEMBL450643,.89
CHEMBL1957377,2
CHEMBL2325706,.7
CHEMBL14638,2.68
CHEMBL744,3.34
CHEMBL22183,2.6
CHEMBL1643199,2.63
CHEMBL2010831,2.5
CHEMBL1526668,3.2
CHEMBL218762,-1.48
CHEMBL2170994,2.5
CHEMBL361795,2.2
CHEMBL586906,2.08
CHEMBL563471,2.6
CHEMBL16,2.41
CHEMBL457393,3.14
CHEMBL105984,2.27
CHEMBL1916542,.93
CHEMBL129420,.7
CHEMBL1276946,.2
CHEMBL1916547,-.65
CHEMBL522460,2.68
CHEMBL1500992,3.2
CHEMBL2110791,.72
CHEMBL1945034,-.25
CHEMBL385563,2.6
CHEMBL5,-.1
CHEMBL163,4.3
CHEMBL1479580,2.93
CHEMBL1088752,3.5
CHEMBL2031224,2.93
CHEMBL2062557,2.42
CHEMBL72548,2.7
CHEMBL1621884,1.55
CHEMBL474200,2.68
CHEMBL472210,1.1
CHEMBL480200,3.01
CHEMBL1224285,1.51
CHEMBL217899,3.6
CHEMBL361431,2.6
CHEMBL1809205,3.3
CHEMBL2070121,1.52
CHEMBL2086674,3
CHEMBL524266,.51
CHEMBL2011926,1.36
CHEMBL2153185,1.79
CHEMBL2036746,3.15
CHEMBL1378202,2.2
CHEMBL1923430,2.64
CHEMBL193,3.29
CHEMBL492671,.9
CHEMBL1824605,2.66
CHEMBL292376,3
CHEMBL2031238,2.43
CHEMBL2031225,3.08
CHEMBL1940286,3.1
CHEMBL2087855,3.43
CHEMBL1778870,1.18
CHEMBL1201256,.74
CHEMBL1783283,3.52
CHEMBL2177777,3.4
CHEMBL350563,4
CHEMBL1807851,1.78
CHEMBL1951894,3.21
CHEMBL2171045,2.94
CHEMBL1773959,-1.27
CHEMBL276030,2.3
CHEMBL1916545,1.16
CHEMBL1526762,.23
CHEMBL388336,1
CHEMBL1807869,1.06
CHEMBL1027,1.49
CHEMBL406,1.83
CHEMBL1689135,1.66
CHEMBL451286,1.7
CHEMBL1643195,2.19
CHEMBL1934266,.92
CHEMBL2059871,2.44
CHEMBL54429,1.92
CHEMBL1271081,3.16
CHEMBL514980,3.46
CHEMBL78951,-.45
CHEMBL255044,2.22
CHEMBL157063,-.12
CHEMBL2325989,1.3
CHEMBL602365,-.49
CHEMBL508129,2.69
CHEMBL1726,3.59
CHEMBL833,3.46
CHEMBL483254,1.1
CHEMBL233447,3.05
CHEMBL1224217,1.25
CHEMBL1288306,1.08
CHEMBL1916272,1.35
CHEMBL2036745,2.48
CHEMBL1789155,1.26
CHEMBL2163589,4.01
CHEMBL2036754,2.54
CHEMBL2031221,2.69
CHEMBL550902,.85
CHEMBL473622,3.04
CHEMBL149979,4.16
CHEMBL433282,2.42
CHEMBL1231683,1.24
CHEMBL2177906,3.4
CHEMBL2070944,2.87
CHEMBL207130,2.16
CHEMBL93404,2.7
CHEMBL2011906,2.47
CHEMBL412083,2.24
CHEMBL1762544,3.3
CHEMBL574621,2.66
CHEMBL1963249,3.3
CHEMBL1682959,2.84
CHEMBL1308362,2.3
CHEMBL117368,2.7
CHEMBL179043,1
CHEMBL2321998,1.86
CHEMBL591023,3.5
CHEMBL289959,2.94
CHEMBL1824039,1.82
CHEMBL471584,2.81
CHEMBL86715,1.78
CHEMBL1779012,2.5
CHEMBL1487890,2.27
CHEMBL453222,2.34
CHEMBL218006,3.1
CHEMBL1703687,3.4
CHEMBL1779005,2.06
CHEMBL455468,1.87
CHEMBL222519,.36
CHEMBL471951,2.71
CHEMBL559478,1.58
CHEMBL2018954,1.68
CHEMBL212731,2.9
CHEMBL183843,3.67
CHEMBL1689116,.48
CHEMBL384260,3.02
CHEMBL212521,2.6
CHEMBL1688458,2.47
CHEMBL1809057,3.1
CHEMBL2017291,3.15
CHEMBL202721,3.5
CHEMBL520003,2.8
CHEMBL2001019,1.7
CHEMBL2325730,2.2
CHEMBL2144138,.4
CHEMBL143181,2.98
CHEMBL1240967,1.91
CHEMBL1762549,2.8
CHEMBL2171278,3.8
CHEMBL555033,3.29
CHEMBL1381233,3.1
CHEMBL2164740,.46
CHEMBL1257599,4
CHEMBL365458,3.37
CHEMBL386996,3.06
CHEMBL1519921,1.3
CHEMBL290548,1.88
CHEMBL21640,1.89
CHEMBL87543,2.3
CHEMBL183709,3.3
CHEMBL130936,1.79
CHEMBL715,2.19
CHEMBL2158793,2
CHEMBL2036752,1.86
CHEMBL1934416,.61
CHEMBL106,.48
CHEMBL450470,2.81
CHEMBL261454,2.57
CHEMBL2062162,2.74
CHEMBL2179274,.5
CHEMBL2331750,2.4
CHEMBL317935,3.24
CHEMBL2088120,4.1
CHEMBL474828,2.8
CHEMBL62083,1.5
CHEMBL451462,2.49
CHEMBL207235,3.09
CHEMBL1950852,1.61
CHEMBL1199987,4
CHEMBL1951906,1.05
CHEMBL1502567,2.1
CHEMBL1762551,3.9
CHEMBL1631470,2.07
CHEMBL1829423,1.8
CHEMBL389911,1.1
CHEMBL128134,1.95
CHEMBL1807854,1.05
CHEMBL2036762,3.37
CHEMBL1088029,2.99
CHEMBL1890574,1.33
CHEMBL1612837,-.1
CHEMBL1689130,.78
CHEMBL1682821,3.6
CHEMBL2023489,3.5
CHEMBL203059,3.7
CHEMBL2011932,1.9
CHEMBL91485,-.27
CHEMBL2207606,-.71
CHEMBL578194,3.18
CHEMBL957,1.03
CHEMBL2035038,1.5
CHEMBL190677,2.13
CHEMBL2332936,2.1
CHEMBL169473,3.1
CHEMBL516601,3.34
CHEMBL1778634,-1.17
CHEMBL2062556,2.48
CHEMBL2177173,3.28
CHEMBL1235242,-1.06
CHEMBL517712,-.66
CHEMBL1550191,2.68
CHEMBL224267,3.85
CHEMBL642,-.27
CHEMBL180656,3.7
CHEMBL2158783,3.15
CHEMBL469,-.93
CHEMBL9751,-.09
CHEMBL2086693,3.95
CHEMBL1589,-.49
CHEMBL507700,1.75
CHEMBL427851,1.03
CHEMBL271012,3
CHEMBL1778616,.15
CHEMBL516,3.06
CHEMBL494505,1.22
CHEMBL1824379,2.46
CHEMBL1682834,2.8
CHEMBL172066,2.75
CHEMBL1946029,2.3
CHEMBL1927345,2.09
CHEMBL1223459,2.72
CHEMBL274009,-.96
CHEMBL109405,2.59
CHEMBL2012881,2.19
CHEMBL1698358,2.9
CHEMBL2018953,2.27
CHEMBL1079773,3.58
CHEMBL2179284,1.83
CHEMBL258282,2.45
CHEMBL108,1.65
CHEMBL371064,1.33
CHEMBL1178725,1.23
CHEMBL2011441,.99
CHEMBL98760,2.78
CHEMBL1369722,2.07
CHEMBL2325995,2.7
CHEMBL1809192,3
CHEMBL865,2.37
CHEMBL597424,2.84
CHEMBL1351893,3.89
CHEMBL233035,3.05
CHEMBL2059859,3.24
CHEMBL1945298,1.86
CHEMBL217090,2.3
CHEMBL2164676,1.75
CHEMBL2331740,-.87
CHEMBL14293,1.91
CHEMBL1209587,3.39
CHEMBL570192,2.86
CHEMBL2152915,3.8
CHEMBL2035037,2.5
CHEMBL2059198,-.62
CHEMBL1923433,.02
CHEMBL1809050,1.8
CHEMBL1610669,2.67
CHEMBL2314383,3.7
CHEMBL209689,1.29
CHEMBL2036584,3.1
CHEMBL12610,2.4
CHEMBL1508646,3.78
CHEMBL185658,2.63
CHEMBL1778652,.76
CHEMBL407960,4.25
CHEMBL192943,.56
CHEMBL2325740,2.95
CHEMBL1951075,-1.02
CHEMBL1831078,2.3
CHEMBL1778865,1.8
CHEMBL2059197,-.79
CHEMBL262721,2.26
CHEMBL1209583,4.09
CHEMBL1669160,3.8
CHEMBL1682829,3.3
CHEMBL1632052,3.52
CHEMBL436511,3.21
CHEMBL514805,2.4
CHEMBL1008,3.66
CHEMBL1223455,3.36
CHEMBL1201753,.91
CHEMBL52047,2.95
CHEMBL2086681,2.4
CHEMBL63560,2.87
CHEMBL2030963,.57
CHEMBL1607077,3.26
CHEMBL1689111,.33
CHEMBL2335901,.4
CHEMBL564535,2.19
CHEMBL1232567,.8
CHEMBL422,4.31
CHEMBL573735,3.21
CHEMBL2180019,1.7
CHEMBL1779006,1.71
CHEMBL1407985,1.91
CHEMBL1356763,2.2
CHEMBL841,3.47
CHEMBL186665,1.3
CHEMBL64,-.57
CHEMBL1778641,-.78
CHEMBL2087856,3.96
CHEMBL1650736,2.64
CHEMBL441083,3.21
CHEMBL550167,1.41
CHEMBL1835907,3.54
CHEMBL1201173,3.25
CHEMBL1338338,1.61
CHEMBL1289232,3.22
CHEMBL341087,.94
CHEMBL428462,1.51
CHEMBL1184268,1.7
CHEMBL441479,4.37
CHEMBL1609658,3.01
CHEMBL2011912,2.83
CHEMBL1809044,3.65
CHEMBL2036760,4.06
CHEMBL146095,3.5
CHEMBL511444,1.94
CHEMBL1779004,2.29
CHEMBL1669156,2.3
CHEMBL1669158,2.8
CHEMBL319077,1.76
CHEMBL2036569,4
CHEMBL700,-.01
CHEMBL524165,.8
CHEMBL2059379,2.32
CHEMBL334492,1.02
CHEMBL562847,2.89
CHEMBL2036588,3.2
CHEMBL101468,2.1
CHEMBL1222381,2.54
CHEMBL1399574,2.1
CHEMBL2011910,2.96
CHEMBL139250,2.12
CHEMBL2325695,2.4
CHEMBL1916275,1.69
CHEMBL1508,1.48
CHEMBL101779,1.5
CHEMBL435582,3.5
CHEMBL1448843,1.6
CHEMBL174310,.86
CHEMBL26,-1.2
CHEMBL451,2.41
CHEMBL218712,3.1
CHEMBL262956,1.38
CHEMBL1418512,1.49
CHEMBL182074,2.89
CHEMBL1351571,2.2
CHEMBL1089,-.01
CHEMBL1163492,3.9
CHEMBL1927251,2.54
CHEMBL2335900,1.69
CHEMBL1917428,1.6
CHEMBL1274,1.74
CHEMBL412119,1.9
CHEMBL1682938,3.17
CHEMBL1517664,3.35
CHEMBL2086690,3.3
CHEMBL1807820,3.12
CHEMBL1809064,3.1
CHEMBL1739708,2.19
CHEMBL281266,2.41
CHEMBL2059866,2.54
CHEMBL1669154,3.3
CHEMBL315708,3.79
CHEMBL139557,2.08
CHEMBL1180272,1.4
CHEMBL142703,-.48
CHEMBL1443631,3.38
CHEMBL685,2.9
CHEMBL179190,3.54
CHEMBL1807850,2.35
CHEMBL205742,1.65
CHEMBL153064,.87
CHEMBL75821,2.14
CHEMBL50149,2.6
CHEMBL1934123,2.96
CHEMBL512607,.58
CHEMBL1669157,2.4
CHEMBL2177613,.64
CHEMBL193610,2.58
CHEMBL1089518,.14
CHEMBL1527495,1.7
CHEMBL1951181,1.03
CHEMBL452273,.87
CHEMBL1934415,1.97
CHEMBL243001,2.4
CHEMBL594707,.52
CHEMBL560241,3.41
CHEMBL2178735,3.44
CHEMBL1609717,3.1
CHEMBL238087,.62
CHEMBL319165,3.4
CHEMBL1087898,1.91
CHEMBL255170,3.4
CHEMBL2158824,2.31
CHEMBL193233,-1.01
CHEMBL1945290,1.13
CHEMBL1072,-.3
CHEMBL1778630,1.38
CHEMBL1290078,.64
CHEMBL2151326,2.18
CHEMBL1289575,2.79
CHEMBL2325737,2.4
CHEMBL32066,1.68
CHEMBL14130,1.5
CHEMBL1916267,1.52
CHEMBL187368,3.8
CHEMBL216053,3.61
CHEMBL169186,2.05
CHEMBL1940107,2.36
CHEMBL335759,3.6
CHEMBL2086657,2.93
CHEMBL11084,.68
CHEMBL1605804,.31
CHEMBL402311,.08
CHEMBL472524,2.34
CHEMBL1477036,2.93
CHEMBL315157,3.04
CHEMBL235763,1.46
CHEMBL1957366,3.45
CHEMBL1623092,2.69
CHEMBL438,-.51
CHEMBL1807832,.83
CHEMBL134908,2.41
CHEMBL36643,2.43
CHEMBL1180194,.8
CHEMBL2036733,3.42
CHEMBL1835910,3.1
CHEMBL1779007,2.6
CHEMBL1824376,1.78
CHEMBL1081772,3.68
CHEMBL496929,3.85
CHEMBL199147,3.21
CHEMBL15932,2.1
CHEMBL558748,2.65
CHEMBL237889,2.7
